前端开发工程师,12k-24k,"移动互联网,金融天使轮15-50人",南山区,弋云科技,13:14发布
Web前端开发,10k-15k,"移动互联网,游戏不需要融资2000人以上",科技园,YIDATEC,13:35发布
web前端,12k-24k,移动互联网A轮150-500人,科技园,糗事百科,10:15发布
Web前端开发,25k-45k,"金融,数据服务A轮50-150人",南山区,苹果树,09:23发布
web前端开发,9k-12k,"企业服务,金融不需要融资2000人以上",大冲,汇合,1天前发布
web前端开发工程师,8k-13k,"移动互联网,社交网络不需要融资150-500人",南山区,信迪网络资讯有限公司,1天前发布
web前端开发工程师,15k-25k,电子商务C轮150-500人,西丽,盈富斯,1天前发布
web前端开发工程师,15k-22k,"移动互联网,电子商务不需要融资50-150人",南山区,妙印云,1天前发布
web前端开发工程师,13k-25k,"数据服务,移动互联网不需要融资50-150人",蛇口,试金石信用,1天前发布
web前端开发工程师,12k-20k,移动互联网上市公司2000人以上,南山区,万科梅沙科技,1天前发布
web前端,8k-11k,"移动互联网,硬件上市公司50-150人",南山区,驱动人生,2天前发布
PCG17-web前端开发工程师（深圳,15k-25k,"移动互联网,游戏上市公司2000人以上",科技园,腾讯,1天前发布
前端开发工程师（售后）,15k-30k,电子商务上市公司2000人以上,大冲,Shopee,2天前发布
web前端开发工程师,15k-23k,"移动互联网,金融未融资15-50人",科技园,深圳市极光宇创科技有限公司,10:49发布
前端开发工程师,12k-20k,移动互联网不需要融资15-50人,科技园,搜房宝,15:07发布
前端开发工程师,12k-24k,"移动互联网,金融天使轮15-50人",南山区,弋云科技,13:14发布
Web前端开发,10k-15k,"移动互联网,游戏不需要融资2000人以上",科技园,YIDATEC,13:35发布
Web前端开发,25k-45k,"金融,数据服务A轮50-150人",南山区,苹果树,09:23发布
web前端开发,9k-12k,"企业服务,金融不需要融资2000人以上",大冲,汇合,1天前发布
web前端开发工程师,8k-13k,"移动互联网,社交网络不需要融资150-500人",南山区,信迪网络资讯有限公司,1天前发布
web前端开发工程师,15k-25k,电子商务C轮150-500人,西丽,盈富斯,1天前发布
web前端开发工程师,15k-22k,"移动互联网,电子商务不需要融资50-150人",南山区,妙印云,1天前发布
web前端开发工程师,13k-25k,"数据服务,移动互联网不需要融资50-150人",蛇口,试金石信用,1天前发布
web前端开发工程师,12k-20k,移动互联网上市公司2000人以上,南山区,万科梅沙科技,1天前发布
web前端,8k-11k,"移动互联网,硬件上市公司50-150人",南山区,驱动人生,2天前发布
PCG17-web前端开发工程师（深圳,15k-25k,"移动互联网,游戏上市公司2000人以上",科技园,腾讯,1天前发布
前端开发工程师（售后）,15k-30k,电子商务上市公司2000人以上,大冲,Shopee,2天前发布
web前端开发工程师,15k-23k,"移动互联网,金融未融资15-50人",科技园,深圳市极光宇创科技有限公司,10:49发布
前端开发工程师,12k-20k,移动互联网不需要融资15-50人,科技园,搜房宝,15:07发布
前端开发工程师,14k-20k,"移动互联网,数据服务不需要融资150-500人",科技园,大地零一,11:21发布
前端开发工程师,12k-24k,"移动互联网,金融天使轮15-50人",南山区,弋云科技,13:14发布
Web前端开发,10k-15k,"移动互联网,游戏不需要融资2000人以上",科技园,YIDATEC,13:35发布
Web前端开发,25k-45k,"金融,数据服务A轮50-150人",南山区,苹果树,09:23发布
web前端开发,9k-12k,"企业服务,金融不需要融资2000人以上",大冲,汇合,1天前发布
web前端开发工程师,8k-13k,"移动互联网,社交网络不需要融资150-500人",南山区,信迪网络资讯有限公司,1天前发布
web前端开发工程师,15k-25k,电子商务C轮150-500人,西丽,盈富斯,1天前发布
web前端开发工程师,15k-22k,"移动互联网,电子商务不需要融资50-150人",南山区,妙印云,1天前发布
web前端开发工程师,13k-25k,"数据服务,移动互联网不需要融资50-150人",蛇口,试金石信用,1天前发布
web前端开发工程师,12k-20k,移动互联网上市公司2000人以上,南山区,万科梅沙科技,1天前发布
web前端,8k-11k,"移动互联网,硬件上市公司50-150人",南山区,驱动人生,2天前发布
PCG17-web前端开发工程师（深圳,15k-25k,"移动互联网,游戏上市公司2000人以上",科技园,腾讯,1天前发布
前端开发工程师（售后）,15k-30k,电子商务上市公司2000人以上,大冲,Shopee,2天前发布
web前端开发工程师,15k-23k,"移动互联网,金融未融资15-50人",科技园,深圳市极光宇创科技有限公司,10:49发布
前端开发工程师,12k-20k,移动互联网不需要融资15-50人,科技园,搜房宝,15:07发布
前端开发工程师,14k-20k,"移动互联网,数据服务不需要融资150-500人",科技园,大地零一,11:21发布
前端开发工程师,12k-24k,"移动互联网,金融天使轮15-50人",南山区,弋云科技,13:14发布
Web前端开发,10k-15k,"移动互联网,游戏不需要融资2000人以上",科技园,YIDATEC,13:35发布
Web前端开发,25k-45k,"金融,数据服务A轮50-150人",南山区,苹果树,09:23发布
web前端开发,9k-12k,"企业服务,金融不需要融资2000人以上",大冲,汇合,1天前发布
web前端开发工程师,8k-13k,"移动互联网,社交网络不需要融资150-500人",南山区,信迪网络资讯有限公司,1天前发布
web前端开发工程师,15k-25k,电子商务C轮150-500人,西丽,盈富斯,1天前发布
web前端开发工程师,15k-22k,"移动互联网,电子商务不需要融资50-150人",南山区,妙印云,1天前发布
web前端开发工程师,13k-25k,"数据服务,移动互联网不需要融资50-150人",蛇口,试金石信用,1天前发布
web前端开发工程师,12k-20k,移动互联网上市公司2000人以上,南山区,万科梅沙科技,1天前发布
web前端,8k-11k,"移动互联网,硬件上市公司50-150人",南山区,驱动人生,2天前发布
PCG17-web前端开发工程师（深圳,15k-25k,"移动互联网,游戏上市公司2000人以上",科技园,腾讯,1天前发布
前端开发工程师（售后）,15k-30k,电子商务上市公司2000人以上,大冲,Shopee,2天前发布
web前端开发工程师,15k-23k,"移动互联网,金融未融资15-50人",科技园,深圳市极光宇创科技有限公司,10:49发布
前端开发工程师,12k-20k,移动互联网不需要融资15-50人,科技园,搜房宝,15:07发布
前端开发工程师,14k-20k,"移动互联网,数据服务不需要融资150-500人",科技园,大地零一,11:21发布
前端开发工程师,12k-24k,"移动互联网,金融天使轮15-50人",南山区,弋云科技,13:14发布
Web前端开发,10k-15k,"移动互联网,游戏不需要融资2000人以上",科技园,YIDATEC,13:35发布
Web前端开发,25k-45k,"金融,数据服务A轮50-150人",南山区,苹果树,09:23发布
web前端开发,9k-12k,"企业服务,金融不需要融资2000人以上",大冲,汇合,1天前发布
web前端开发工程师,8k-13k,"移动互联网,社交网络不需要融资150-500人",南山区,信迪网络资讯有限公司,1天前发布
web前端开发工程师,15k-25k,电子商务C轮150-500人,西丽,盈富斯,1天前发布
web前端开发工程师,15k-22k,"移动互联网,电子商务不需要融资50-150人",南山区,妙印云,1天前发布
web前端开发工程师,13k-25k,"数据服务,移动互联网不需要融资50-150人",蛇口,试金石信用,1天前发布
web前端开发工程师,12k-20k,移动互联网上市公司2000人以上,南山区,万科梅沙科技,1天前发布
web前端,8k-11k,"移动互联网,硬件上市公司50-150人",南山区,驱动人生,2天前发布
PCG17-web前端开发工程师（深圳,15k-25k,"移动互联网,游戏上市公司2000人以上",科技园,腾讯,1天前发布
前端开发工程师（售后）,15k-30k,电子商务上市公司2000人以上,大冲,Shopee,2天前发布
web前端开发工程师,15k-23k,"移动互联网,金融未融资15-50人",科技园,深圳市极光宇创科技有限公司,10:49发布
前端开发工程师,12k-20k,移动互联网不需要融资15-50人,科技园,搜房宝,15:07发布
前端开发工程师,14k-20k,"移动互联网,数据服务不需要融资150-500人",科技园,大地零一,11:21发布
前端开发工程师,12k-24k,"移动互联网,金融天使轮15-50人",南山区,弋云科技,13:14发布
Web前端开发,10k-15k,"移动互联网,游戏不需要融资2000人以上",科技园,YIDATEC,13:35发布
Web前端开发,25k-45k,"金融,数据服务A轮50-150人",南山区,苹果树,09:23发布
web前端开发,9k-12k,"企业服务,金融不需要融资2000人以上",大冲,汇合,1天前发布
web前端开发工程师,8k-13k,"移动互联网,社交网络不需要融资150-500人",南山区,信迪网络资讯有限公司,1天前发布
web前端开发工程师,15k-25k,电子商务C轮150-500人,西丽,盈富斯,1天前发布
web前端开发工程师,15k-22k,"移动互联网,电子商务不需要融资50-150人",南山区,妙印云,1天前发布
web前端开发工程师,13k-25k,"数据服务,移动互联网不需要融资50-150人",蛇口,试金石信用,1天前发布
web前端开发工程师,12k-20k,移动互联网上市公司2000人以上,南山区,万科梅沙科技,1天前发布
web前端,8k-11k,"移动互联网,硬件上市公司50-150人",南山区,驱动人生,2天前发布
PCG17-web前端开发工程师（深圳,15k-25k,"移动互联网,游戏上市公司2000人以上",科技园,腾讯,1天前发布
前端开发工程师（售后）,15k-30k,电子商务上市公司2000人以上,大冲,Shopee,2天前发布
web前端开发工程师,15k-23k,"移动互联网,金融未融资15-50人",科技园,深圳市极光宇创科技有限公司,10:49发布
前端开发工程师,12k-20k,移动互联网不需要融资15-50人,科技园,搜房宝,15:07发布
前端开发工程师,14k-20k,"移动互联网,数据服务不需要融资150-500人",科技园,大地零一,11:21发布
前端开发工程师,12k-24k,"移动互联网,金融天使轮15-50人",南山区,弋云科技,13:14发布
Web前端开发,10k-15k,"移动互联网,游戏不需要融资2000人以上",科技园,YIDATEC,13:35发布
Web前端开发,25k-45k,"金融,数据服务A轮50-150人",南山区,苹果树,09:23发布
web前端开发,9k-12k,"企业服务,金融不需要融资2000人以上",大冲,汇合,1天前发布
web前端开发工程师,8k-13k,"移动互联网,社交网络不需要融资150-500人",南山区,信迪网络资讯有限公司,1天前发布
web前端开发工程师,15k-25k,电子商务C轮150-500人,西丽,盈富斯,1天前发布
web前端开发工程师,15k-22k,"移动互联网,电子商务不需要融资50-150人",南山区,妙印云,1天前发布
web前端开发工程师,13k-25k,"数据服务,移动互联网不需要融资50-150人",蛇口,试金石信用,1天前发布
web前端开发工程师,12k-20k,移动互联网上市公司2000人以上,南山区,万科梅沙科技,1天前发布
web前端,8k-11k,"移动互联网,硬件上市公司50-150人",南山区,驱动人生,2天前发布
PCG17-web前端开发工程师（深圳,15k-25k,"移动互联网,游戏上市公司2000人以上",科技园,腾讯,1天前发布
前端开发工程师（售后）,15k-30k,电子商务上市公司2000人以上,大冲,Shopee,2天前发布
web前端开发工程师,15k-23k,"移动互联网,金融未融资15-50人",科技园,深圳市极光宇创科技有限公司,10:49发布
前端开发工程师,12k-20k,移动互联网不需要融资15-50人,科技园,搜房宝,15:07发布
前端开发工程师,14k-20k,"移动互联网,数据服务不需要融资150-500人",科技园,大地零一,11:21发布
前端开发工程师,12k-24k,"移动互联网,金融天使轮15-50人",南山区,弋云科技,13:14发布
Web前端开发,10k-15k,"移动互联网,游戏不需要融资2000人以上",科技园,YIDATEC,13:35发布
Web前端开发,25k-45k,"金融,数据服务A轮50-150人",南山区,苹果树,09:23发布
web前端开发,9k-12k,"企业服务,金融不需要融资2000人以上",大冲,汇合,1天前发布
web前端开发工程师,8k-13k,"移动互联网,社交网络不需要融资150-500人",南山区,信迪网络资讯有限公司,1天前发布
web前端开发工程师,15k-25k,电子商务C轮150-500人,西丽,盈富斯,1天前发布
web前端开发工程师,15k-22k,"移动互联网,电子商务不需要融资50-150人",南山区,妙印云,1天前发布
web前端开发工程师,13k-25k,"数据服务,移动互联网不需要融资50-150人",蛇口,试金石信用,1天前发布
web前端开发工程师,12k-20k,移动互联网上市公司2000人以上,南山区,万科梅沙科技,1天前发布
web前端,8k-11k,"移动互联网,硬件上市公司50-150人",南山区,驱动人生,2天前发布
PCG17-web前端开发工程师（深圳,15k-25k,"移动互联网,游戏上市公司2000人以上",科技园,腾讯,1天前发布
前端开发工程师（售后）,15k-30k,电子商务上市公司2000人以上,大冲,Shopee,2天前发布
web前端开发工程师,15k-23k,"移动互联网,金融未融资15-50人",科技园,深圳市极光宇创科技有限公司,10:49发布
前端开发工程师,12k-20k,移动互联网不需要融资15-50人,科技园,搜房宝,15:07发布
前端开发工程师,14k-20k,"移动互联网,数据服务不需要融资150-500人",科技园,大地零一,11:21发布
前端开发工程师,12k-24k,"移动互联网,金融天使轮15-50人",南山区,弋云科技,13:14发布
Web前端开发,10k-15k,"移动互联网,游戏不需要融资2000人以上",科技园,YIDATEC,13:35发布
Web前端开发,25k-45k,"金融,数据服务A轮50-150人",南山区,苹果树,09:23发布
web前端开发,9k-12k,"企业服务,金融不需要融资2000人以上",大冲,汇合,1天前发布
web前端开发工程师,8k-13k,"移动互联网,社交网络不需要融资150-500人",南山区,信迪网络资讯有限公司,1天前发布
web前端开发工程师,15k-25k,电子商务C轮150-500人,西丽,盈富斯,1天前发布
web前端开发工程师,15k-22k,"移动互联网,电子商务不需要融资50-150人",南山区,妙印云,1天前发布
web前端开发工程师,13k-25k,"数据服务,移动互联网不需要融资50-150人",蛇口,试金石信用,1天前发布
web前端开发工程师,12k-20k,移动互联网上市公司2000人以上,南山区,万科梅沙科技,1天前发布
web前端,8k-11k,"移动互联网,硬件上市公司50-150人",南山区,驱动人生,2天前发布
PCG17-web前端开发工程师（深圳,15k-25k,"移动互联网,游戏上市公司2000人以上",科技园,腾讯,1天前发布
前端开发工程师（售后）,15k-30k,电子商务上市公司2000人以上,大冲,Shopee,2天前发布
web前端开发工程师,15k-23k,"移动互联网,金融未融资15-50人",科技园,深圳市极光宇创科技有限公司,10:49发布
前端开发工程师,12k-20k,移动互联网不需要融资15-50人,科技园,搜房宝,15:07发布
前端开发工程师,14k-20k,"移动互联网,数据服务不需要融资150-500人",科技园,大地零一,11:21发布
前端开发工程师,12k-24k,"移动互联网,金融天使轮15-50人",南山区,弋云科技,13:14发布
Web前端开发,10k-15k,"移动互联网,游戏不需要融资2000人以上",科技园,YIDATEC,13:35发布
Web前端开发,25k-45k,"金融,数据服务A轮50-150人",南山区,苹果树,09:23发布
web前端开发,9k-12k,"企业服务,金融不需要融资2000人以上",大冲,汇合,1天前发布
web前端开发工程师,8k-13k,"移动互联网,社交网络不需要融资150-500人",南山区,信迪网络资讯有限公司,1天前发布
web前端开发工程师,15k-25k,电子商务C轮150-500人,西丽,盈富斯,1天前发布
web前端开发工程师,15k-22k,"移动互联网,电子商务不需要融资50-150人",南山区,妙印云,1天前发布
web前端开发工程师,13k-25k,"数据服务,移动互联网不需要融资50-150人",蛇口,试金石信用,1天前发布
web前端开发工程师,12k-20k,移动互联网上市公司2000人以上,南山区,万科梅沙科技,1天前发布
web前端,8k-11k,"移动互联网,硬件上市公司50-150人",南山区,驱动人生,2天前发布
PCG17-web前端开发工程师（深圳,15k-25k,"移动互联网,游戏上市公司2000人以上",科技园,腾讯,1天前发布
前端开发工程师（售后）,15k-30k,电子商务上市公司2000人以上,大冲,Shopee,2天前发布
web前端开发工程师,15k-23k,"移动互联网,金融未融资15-50人",科技园,深圳市极光宇创科技有限公司,10:49发布
前端开发工程师,12k-20k,移动互联网不需要融资15-50人,科技园,搜房宝,15:07发布
前端开发工程师,14k-20k,"移动互联网,数据服务不需要融资150-500人",科技园,大地零一,11:21发布
前端开发工程师,12k-24k,"移动互联网,金融天使轮15-50人",南山区,弋云科技,13:14发布
Web前端开发,10k-15k,"移动互联网,游戏不需要融资2000人以上",科技园,YIDATEC,13:35发布
Web前端开发,25k-45k,"金融,数据服务A轮50-150人",南山区,苹果树,09:23发布
web前端开发,9k-12k,"企业服务,金融不需要融资2000人以上",大冲,汇合,1天前发布
web前端开发工程师,8k-13k,"移动互联网,社交网络不需要融资150-500人",南山区,信迪网络资讯有限公司,1天前发布
web前端开发工程师,15k-25k,电子商务C轮150-500人,西丽,盈富斯,1天前发布
web前端开发工程师,15k-22k,"移动互联网,电子商务不需要融资50-150人",南山区,妙印云,1天前发布
web前端开发工程师,13k-25k,"数据服务,移动互联网不需要融资50-150人",蛇口,试金石信用,1天前发布
web前端开发工程师,12k-20k,移动互联网上市公司2000人以上,南山区,万科梅沙科技,1天前发布
web前端,8k-11k,"移动互联网,硬件上市公司50-150人",南山区,驱动人生,2天前发布
PCG17-web前端开发工程师（深圳,15k-25k,"移动互联网,游戏上市公司2000人以上",科技园,腾讯,1天前发布
前端开发工程师（售后）,15k-30k,电子商务上市公司2000人以上,大冲,Shopee,2天前发布
web前端开发工程师,15k-23k,"移动互联网,金融未融资15-50人",科技园,深圳市极光宇创科技有限公司,10:49发布
前端开发工程师,12k-20k,移动互联网不需要融资15-50人,科技园,搜房宝,15:07发布
前端开发工程师,14k-20k,"移动互联网,数据服务不需要融资150-500人",科技园,大地零一,11:21发布
前端开发工程师,12k-24k,"移动互联网,金融天使轮15-50人",南山区,弋云科技,13:14发布
Web前端开发,10k-15k,"移动互联网,游戏不需要融资2000人以上",科技园,YIDATEC,13:35发布
Web前端开发,25k-45k,"金融,数据服务A轮50-150人",南山区,苹果树,09:23发布
web前端开发,9k-12k,"企业服务,金融不需要融资2000人以上",大冲,汇合,1天前发布
web前端开发工程师,8k-13k,"移动互联网,社交网络不需要融资150-500人",南山区,信迪网络资讯有限公司,1天前发布
web前端开发工程师,15k-25k,电子商务C轮150-500人,西丽,盈富斯,1天前发布
web前端开发工程师,15k-22k,"移动互联网,电子商务不需要融资50-150人",南山区,妙印云,1天前发布
web前端开发工程师,13k-25k,"数据服务,移动互联网不需要融资50-150人",蛇口,试金石信用,1天前发布
web前端开发工程师,12k-20k,移动互联网上市公司2000人以上,南山区,万科梅沙科技,1天前发布
web前端,8k-11k,"移动互联网,硬件上市公司50-150人",南山区,驱动人生,2天前发布
PCG17-web前端开发工程师（深圳,15k-25k,"移动互联网,游戏上市公司2000人以上",科技园,腾讯,1天前发布
前端开发工程师（售后）,15k-30k,电子商务上市公司2000人以上,大冲,Shopee,2天前发布
web前端开发工程师,15k-23k,"移动互联网,金融未融资15-50人",科技园,深圳市极光宇创科技有限公司,10:49发布
前端开发工程师,12k-20k,移动互联网不需要融资15-50人,科技园,搜房宝,15:07发布
前端开发工程师,14k-20k,"移动互联网,数据服务不需要融资150-500人",科技园,大地零一,11:21发布
前端开发工程师,12k-24k,"移动互联网,金融天使轮15-50人",南山区,弋云科技,13:14发布
Web前端开发,10k-15k,"移动互联网,游戏不需要融资2000人以上",科技园,YIDATEC,13:35发布
Web前端开发,25k-45k,"金融,数据服务A轮50-150人",南山区,苹果树,09:23发布
web前端开发,9k-12k,"企业服务,金融不需要融资2000人以上",大冲,汇合,1天前发布
web前端开发工程师,8k-13k,"移动互联网,社交网络不需要融资150-500人",南山区,信迪网络资讯有限公司,1天前发布
web前端开发工程师,15k-25k,电子商务C轮150-500人,西丽,盈富斯,1天前发布
web前端开发工程师,15k-22k,"移动互联网,电子商务不需要融资50-150人",南山区,妙印云,1天前发布
web前端开发工程师,13k-25k,"数据服务,移动互联网不需要融资50-150人",蛇口,试金石信用,1天前发布
web前端开发工程师,12k-20k,移动互联网上市公司2000人以上,南山区,万科梅沙科技,1天前发布
web前端,8k-11k,"移动互联网,硬件上市公司50-150人",南山区,驱动人生,2天前发布
PCG17-web前端开发工程师（深圳,15k-25k,"移动互联网,游戏上市公司2000人以上",科技园,腾讯,1天前发布
前端开发工程师（售后）,15k-30k,电子商务上市公司2000人以上,大冲,Shopee,2天前发布
web前端开发工程师,15k-23k,"移动互联网,金融未融资15-50人",科技园,深圳市极光宇创科技有限公司,10:49发布
前端开发工程师,12k-20k,移动互联网不需要融资15-50人,科技园,搜房宝,15:07发布
前端开发工程师,14k-20k,"移动互联网,数据服务不需要融资150-500人",科技园,大地零一,11:21发布
前端开发工程师,12k-24k,"移动互联网,金融天使轮15-50人",南山区,弋云科技,13:14发布
Web前端开发,10k-15k,"移动互联网,游戏不需要融资2000人以上",科技园,YIDATEC,13:35发布
Web前端开发,25k-45k,"金融,数据服务A轮50-150人",南山区,苹果树,09:23发布
web前端开发,9k-12k,"企业服务,金融不需要融资2000人以上",大冲,汇合,1天前发布
web前端开发工程师,8k-13k,"移动互联网,社交网络不需要融资150-500人",南山区,信迪网络资讯有限公司,1天前发布
web前端开发工程师,15k-25k,电子商务C轮150-500人,西丽,盈富斯,1天前发布
web前端开发工程师,15k-22k,"移动互联网,电子商务不需要融资50-150人",南山区,妙印云,1天前发布
web前端开发工程师,13k-25k,"数据服务,移动互联网不需要融资50-150人",蛇口,试金石信用,1天前发布
web前端开发工程师,12k-20k,移动互联网上市公司2000人以上,南山区,万科梅沙科技,1天前发布
web前端,8k-11k,"移动互联网,硬件上市公司50-150人",南山区,驱动人生,2天前发布
PCG17-web前端开发工程师（深圳,15k-25k,"移动互联网,游戏上市公司2000人以上",科技园,腾讯,1天前发布
前端开发工程师（售后）,15k-30k,电子商务上市公司2000人以上,大冲,Shopee,2天前发布
web前端开发工程师,15k-23k,"移动互联网,金融未融资15-50人",科技园,深圳市极光宇创科技有限公司,10:49发布
前端开发工程师,12k-20k,移动互联网不需要融资15-50人,科技园,搜房宝,15:07发布
前端开发工程师,14k-20k,"移动互联网,数据服务不需要融资150-500人",科技园,大地零一,11:21发布
高级前端开发工程师,15k-25k,"移动互联网,数据服务不需要融资50-150人",新洲,远趣科技,1天前发布
前端开发工程师-Airpay,20k-40k,电子商务上市公司2000人以上,科技园,Shopee,2天前发布
前端开发工程师,9k-13k,"企业服务,金融不需要融资2000人以上",大冲,汇合,08:46发布
前端开发工程师,9k-15k,移动互联网不需要融资15-50人,科技园,搜房宝,15:07发布
前端开发工程师,10k-15k,"移动互联网,招聘天使轮15-50人",南山区,白熊事务所,09:22发布
前端开发工程师,10k-20k,电子商务上市公司2000人以上,南山区,美的电商,1天前发布
前端,12k-17k,"移动互联网,企业服务上市公司500-2000人",大冲,网新新思,2天前发布
前端工程师,10k-17k,教育上市公司150-500人,前海,方直科技,2天前发布
前端开发工程师,10k-20k,"移动互联网,其他D轮及以上150-500人",南山区,奥比中光,2天前发布
前端开发工程师,10k-20k,"移动互联网,O2O上市公司150-500人",科技园,易博天下,2天前发布
前端开发工程师,8k-12k,"移动互联网,金融上市公司2000人以上",前海,润杨金融,2019-05-09
前端开发工程师,15k-30k,"移动互联网,企业服务未融资500-2000人",科技园,网心科技,2019-05-06
web前端开发工程师,8k-12k,"移动互联网,O2O天使轮少于15人",科技园,深圳翌智教育,1天前发布
前端开发工程师,12k-20k,"移动互联网,电子商务不需要融资15-50人",科技园,么么嗖,14:44发布
web前端开发工程师,18k-30k,"移动互联网,社交网络A轮15-50人",南山区,闪聚,1天前发布
前端开发工程师-Airpay,20k-40k,电子商务上市公司2000人以上,科技园,Shopee,2天前发布
前端开发工程师（H5+小程序方向）,9k-15k,"移动互联网,O2O上市公司150-500人",南山区,易博天下,2天前发布
前端开发工程师,8k-15k,移动互联网、电子商务未融资少于15人,科技园,四纪空间,12:27发布
前端工程师,15k-25k,"移动互联网,文化娱乐天使轮少于15人",南山区,深圳市华彩盛年文化有限公司,1天前发布
前端开发工程师,8k-12k,"生活服务,企业服务未融资50-150人",南山区,中咨联,1天前发布
web前端开发,8k-14k,金融文化娱乐不需要融资150-500人,西丽,伯符投资,1天前发布
web前端,8k-11k,"移动互联网,企业服务不需要融资150-500人",南山区,深圳市商盟联创科技有限公司,2天前发布
前端开发工程师-创新工具,20k-40k,"移动互联网,数据服务C轮2000人以上",南山区,字节跳动,1天前发布
前端开发工程师,15k-20k,企业服务A轮50-150人,大冲,TechSure,1天前发布
前端开发工程师,10k-20k,"企业服务,数据服务C轮150-500人",南山区,小满科技,07:59发布
前端开发工程师,12k-20k,"移动互联网,文化娱乐A轮15-50人",科技园,半冬科技,1天前发布
前端开发工程师,10k-15k,移动互联网未融资15-50人,科技园,卡银通,2天前发布
web前端开发工程师（高级）,20k-30k,"移动互联网,数据服务上市公司500-2000人",南头,极光,14:33发布
11212L-web前端开发-智能认知一组,15k-30k,金融不需要融资2000人以上,科技园,平安科技,00:00发布
web前端开发工程师,10k-20k,"移动互联网,游戏不需要融资2000人以上",深圳湾,YIDATEC,15:28发布
前端开发工程师-Credit,20k-40k,电子商务上市公司2000人以上,深圳湾,Shopee,2天前发布
前端开发工程师（商城方向）,10k-15k,"移动互联网,O2O上市公司150-500人",科技园,易博天下,2019-05-08
前端开发工程师 - 创新工具,25k-40k,"移动互联网,数据服务C轮2000人以上",南山区,字节跳动,1天前发布
web前端开发工程师,12k-18k,"信息安全,企业服务不需要融资2000人以上",南山区,深信服科技集团,15:08发布
web前端开发工程师,9k-17k,"企业服务,金融不需要融资2000人以上",南山区,汇合,14:35发布
Web前端工程师,10k-18k,移动互联网C轮150-500人,大冲,懒人听书,09:36发布
web前端开发,10k-18k,移动互联网不需要融资500-2000人,深圳湾,博悦科创,15:26发布
web前端开发工程师,10k-15k,移动互联网B轮50-150人,南山区,易加油,15:11发布
web前端开发工程师,15k-30k,"金融,移动互联网不需要融资150-500人",科技园,WeSure微保,15:03发布
web前端开发工程师,12k-20k,"移动互联网,电子商务A轮50-150人",南山区,优加互联,15:22发布
web前端开发工程师,10k-20k,企业服务上市公司2000人以上,南山区,长亮科技,15:04发布
Web前端开发工程师,15k-30k,"移动互联网,其他上市公司2000人以上",南山区,TCL电子,14:43发布
web前端开发工程师,10k-15k,移动互联网、广告营销不需要融资50-150人,科技园,深圳云美,14:41发布
web前端开发工程师,15k-20k,电子商务不需要融资50-150人,南山区,利汇,14:38发布
Web前端开发工程师,12k-24k,"人工智能,硬件A轮15-50人",科技园,矽赫科技,14:33发布
前端开发工程师-Lark产品,20k-40k,"移动互联网,数据服务C轮2000人以上",南山区,字节跳动,1天前发布
web前端,10k-20k,"移动互联网,游戏不需要融资2000人以上",前海,YIDATEC,14:00发布
web前端工程师,6k-12k,"企业服务,电子商务A轮50-150人",南山区,友好速搭,14:26发布
web前端开发工程师,10k-20k,移动互联网A轮150-500人,科技园,左邻,14:18发布
web前端开发工程师,15k-30k,移动互联网B轮150-500人,科技园,深圳市库盒科技有限公司,14:15发布
web前端开发工程师,15k-20k,其他不需要融资150-500人,白石洲,华普特科技,13:49发布
web前端开发工程师,8k-15k,"移动互联网,教育B轮50-150人",深圳湾,博为教育,10:09发布
web前端开发工程师,8k-15k,"移动互联网,社交网络B轮50-150人",深圳湾,忆年,09:55发布
web前端,15k-25k,"移动互联网,硬件不需要融资500-2000人",大冲,格创东智,09:47发布
web前端开发工程师,15k-30k,"移动互联网,硬件不需要融资150-500人",南山区,华付信息,09:34发布
web前端开发工程师,15k-25k,教育不需要融资500-2000人,深圳湾,伟东云教育,09:33发布
web前端开发工程师,10k-15k,"电子商务,O2OC轮150-500人",科技园,大丰收,09:23发布
web前端,12k-17k,"移动互联网,电子商务未融资2000人以上",桃源村,Symbio-Freeborders,15:20发布
Web前端开发工程师,15k-30k,"移动互联网,社交网络未融资15-50人",白石洲,亿亿科技,15:18发布
web前端,11k-22k,"企业服务,数据服务上市公司2000人以上",科技园,汉得信息,14:15发布
web前端开发,10k-15k,"移动互联网,游戏不需要融资2000人以上",深圳湾,YIDATEC,13:57发布
web前端工程师,12k-20k,移动互联网A轮150-500人,大冲,左邻,14:18发布
web前端开发工程师,15k-25k,"信息安全,金融A轮50-150人",南油,矩阵元,14:06发布
web前端开发工程师,15k-20k,"移动互联网,金融不需要融资50-150人",南山区,万威国际,14:04发布
WEB前端开发工程师,12k-24k,"移动互联网,电子商务上市公司2000人以上",南山区,金蝶,13:59发布
Web前端开发工程师（中级）,10k-20k,"移动互联网,企业服务不需要融资50-150人",南山医院,盈嘉互联,13:40发布
web前端开发工程师,8k-13k,金融A轮50-150人,大冲,小易金服,13:39发布
web前端,10k-20k,人工智能A轮15-50人,深圳湾,金证优智,12:02发布
WEB前端开发工程师,17k-24k,移动互联网上市公司150-500人,蛇口,亚博科技（08279.HK）旗下核心企业。中国体彩市场最大的服务、终端机及系统供应商。,11:44发布
Web前端工程师,15k-25k,"金融,其他不需要融资50-150人",深圳湾,前海农交所,11:10发布
web前端开发工程师,10k-20k,"移动互联网,企业服务A轮150-500人",南山区,秦丝科技,11:00发布
Web前端,10k-20k,教育不需要融资50-150人,西丽,BT学院,10:05发布
web前端开发工程师,12k-18k,"移动互联网,电子商务A轮15-50人",南山区,17TRACK全球物流查询平台,10:04发布
web前端开发工程师,15k-30k,"移动互联网,游戏上市公司2000人以上",南山区,腾讯,09:51发布
web前端,12k-18k,"移动互联网,广告营销上市公司50-150人",南山区,花儿绽放网络科技,15:16发布
web前端,13k-16k,"移动互联网,游戏不需要融资2000人以上",科技园,YIDATEC,10:54发布
web前端开发工程师,20k-40k,"移动互联网,游戏上市公司2000人以上",南山区,腾讯,09:51发布
Web前端工程师,15k-30k,移动互联网C轮2000人以上,前海,商汤科技,1天前发布
web前端开发工程师,15k-25k,金融不需要融资150-500人,南头,加油宝,1天前发布
web前端工程师,15k-20k,金融未融资500-2000人,南山区,海南新浪爱问普惠科技有限公司,13:35发布
Web前端开发工程师,15k-25k,"金融,移动互联网未融资500-2000人",深圳湾,嘉联支付,08:42发布
web前端工程师,15k-26k,移动互联网上市公司500-2000人,科技园,威富通,1天前发布
web前端开发工程师,8k-15k,"移动互联网,电子商务不需要融资15-50人",前海,瑞时网络,14:48发布
Web前端开发工程师,10k-16k,教育不需要融资15-50人,科技园,水滴智慧,1天前发布
web前端,20k-30k,"移动互联网,数据服务不需要融资15-50人",深圳湾,深圳市智汇幕墙科技有限公司,1天前发布
web前端开发工程师,7k-11k,"企业服务,金融不需要融资500-2000人",深圳湾,广州碧软,1天前发布
web前端,13k-25k,"移动互联网,O2O不需要融资150-500人",南山区,智慧享联,2天前发布
WEB前端开发工程师-南山(J10810),15k-25k,其他不需要融资2000人以上,南油,跨越速运,14:29发布
web前端开发工程师,10k-15k,企业服务未融资15-50人,白石洲,艾鑫承,09:27发布
Web前端开发岗,15k-25k,金融不需要融资2000人以上,南山区,华安保险,08:45发布
web前端开发工程师,15k-19k,"移动互联网,游戏不需要融资2000人以上",科技园,YIDATEC,1天前发布
Web前端开发工程师（初级）,8k-15k,"金融,移动互联网未融资500-2000人",深圳湾,嘉联支付,08:42发布
web前端工程师,10k-15k,"企业服务,金融不需要融资50-150人",深圳湾,希为科技,1天前发布
web前端开发工程师,10k-20k,"移动互联网,电子商务上市公司2000人以上",科技园,金蝶,1天前发布
web前端开发工程师 (MJ000260),10k-20k,移动互联网上市公司2000人以上,深大北门,乐信,1天前发布
web前端开发工程师,15k-30k,"移动互联网,教育上市公司2000人以上",深圳湾,好未来,1天前发布
web前端开发工程师,10k-15k,"移动互联网,金融A轮50-150人",科技园,蘑菇公司,1天前发布
Web前端开发工程师,11k-16k,信息安全A轮50-150人,南山区,威胁猎人,2天前发布
Web前端开发岗,15k-20k,金融不需要融资2000人以上,南山区,华安保险,08:45发布
Web前端开发工程,10k-20k,"移动互联网,游戏上市公司2000人以上",科技园,腾讯,09:51发布
web前端开发工程师,11k-15k,"其他,移动互联网不需要融资150-500人",科技园,兴海物联,2天前发布
web前端开发工程师,12k-24k,"移动互联网,医疗健康不需要融资150-500人",蛇口,联新科技,2天前发布
WEB前端开发工程师,10k-15k,"电子商务,其他上市公司2000人以上",科技园,五谷磨房,2天前发布
web前端开发,8k-13k,"移动互联网,企业服务未融资15-50人",南头,展速网络,2天前发布
web前端开发,10k-15k,移动互联网不需要融资2000人以上,南山区,武汉佰钧成技术有限公司,2019-05-08
web前端开发,16k-30k,"移动互联网,游戏上市公司2000人以上",科技园,腾讯,1天前发布
web前端开发工程师,9k-13k,"移动互联网,游戏不需要融资2000人以上",科技园,YIDATEC,2019-05-09
WEB前端开发工程师,10k-20k,"移动互联网,金融C轮500-2000人",大冲,随手科技,2019-05-09
Web前端开发工程师,6k-12k,"移动互联网,企业服务不需要融资150-500人",南油,issmart,2019-05-08
web前端开发工程师,6k-12k,"移动互联网,企业服务A轮50-150人",南山区,爱用科技,2019-05-11
web前端,15k-21k,"企业服务,数据服务上市公司2000人以上",科技园,汉得信息,2019-05-09
web前端开发工程师,15k-30k,移动互联网天使轮50-150人,科技园,智度科技,2019-05-10
web前端工程师,9k-15k,"移动互联网,电子商务D轮及以上2000人以上",科技园,联龙博通,2019-05-07
web前端开发工程师,10k-14k,"移动互联网,金融不需要融资500-2000人",西丽,深圳雁联技术,2019-05-08
web前端开发工程师,15k-25k,"移动互联网,电子商务上市公司2000人以上",科技园,金蝶,2天前发布
WEB前端开发工程师-TZ,10k-15k,移动互联网上市公司500-2000人,南山区,梦网荣信科技集团,1天前发布
Web前端开发/移动开发工程师,10k-20k,"移动互联网,企业服务A轮150-500人",科技园,秦丝科技,11:00发布
WEB前端工程师,6k-11k,"企业服务,金融A轮50-150人",南山区,深圳白骑士大数据有限公司,2019-05-05
Web前端开发工程师,20k-40k,"招聘,其他上市公司2000人以上",南山区,招商证券信息技术中心,2天前发布
web前端开发,9k-10k,移动互联网不需要融资2000人以上,科技园,武汉佰钧成技术有限公司,2019-04-26
PCG04-WEB前端开发（深圳）,18k-36k,"移动互联网,游戏上市公司2000人以上",南山区,腾讯,1天前发布
web前端开发,8k-10k,"移动互联网,游戏不需要融资2000人以上",科技园,YIDATEC,2019-05-08
web前端资深工程师,10k-15k,"企业服务,电子商务A轮50-150人",南山区,友好速搭,14:26发布
高级web前端开发工程师-南山(J10812),25k-30k,其他不需要融资2000人以上,南油,跨越速运,14:29发布
高级web前端开发工程师,20k-30k,"移动互联网,金融B轮150-500人",大冲,诺誉投资,14:00发布
高级Web前端开发,20k-35k,"移动互联网,硬件C轮500-2000人",南山区,优必选科技,10:36发布
web前端高级开发工程师,15k-30k,"移动互联网,电子商务B轮50-150人",科技园,广联储社群,09:25发布
高级web前端工程师,20k-35k,企业服务B轮150-500人,深圳湾,思为软件,09:16发布
WEB前端工程师 15-25k,15k-25k,移动互联网电子商务不需要融资150-500人,科技园,完美加速,2019-05-05
高级web前端工程师,20k-35k,"移动互联网,社交网络不需要融资50-150人",科技园,加满分科技,14:08发布
高级web前端开发工程师,10k-20k,企业服务上市公司2000人以上,大冲,世联行,11:39发布
中高级web前端开发工程师,15k-30k,"移动互联网,企业服务上市公司2000人以上",南山区,明源云,11:01发布
高级Web前端开发工程师,20k-30k,移动互联网A轮150-500人,南山区,华阅文化,09:22发布
472195-高级前端web开发工程师,20k-40k,移动互联网不需要融资2000人以上,南山区,平安智慧城,00:00发布
web高级前端开发工程师,20k-30k,"企业服务,物联网不需要融资15-50人",南山区,维创通,14:25发布
