521401,阿布星人W,男,10000,http://i0.hdslb.com/bfs/face/07b208d0c30cd2340f6859a1770b793328fb9c9f.jpg,1970-01-01 08:00:00,0,06-22,我是一只幸运猪,4,-1,,0,0,bfs/space/dc02d22a718c1c436f1a355b3cd726b04098ef7d.jpg,6,0
521402,清夜·绝痕,男,10000,http://i1.hdslb.com/bfs/face/5db84ef5af488a8fe2ce71ebc24376c6dcc336df.jpg,1970-01-01 08:00:00,0,11-17,机智的懦夫一个而已,5,-1,,2,1,bfs/space/768cc4fd97618cf589d23c2711a1d1a729f42235.png,1,0
521403,长萌丶,男,10000,http://i2.hdslb.com/bfs/face/cc9fdc89f2107e9c154dbda28960087d385d3435.jpg,1970-01-01 08:00:00,0,06-10,玄不救非,3,-1,,1,0,bfs/space/768cc4fd97618cf589d23c2711a1d1a729f42235.png,1,0
521404,断未魔,保密,10000,http://i2.hdslb.com/bfs/face/31f11aa2b31cec6b2fc4849ba616aa0a4a101ec0.jpg,1970-01-01 08:00:00,0,01-01,,5,-1,,1,0,bfs/space/768cc4fd97618cf589d23c2711a1d1a729f42235.png,1,0
521405,喵曦,保密,10000,http://i2.hdslb.com/bfs/face/1a3e696c856b2b7a84dae34850aa75f162f759d2.jpg,1970-01-01 08:00:00,0,01-01,,4,-1,,0,0,bfs/space/768cc4fd97618cf589d23c2711a1d1a729f42235.png,1,0
521406,黑仪岛,男,10000,http://i1.hdslb.com/bfs/face/3216b421e21874f8744c174223ed8b133e2b9220.jpg,1970-01-01 08:00:00,0,12-27,,5,-1,,2,1,bfs/space/c9dae917e24b4fc17c4d544caf6b6c0b17f8692b.jpg,3,0
521407,嘿哟嘿哟嘿嘿呦,男,10000,http://i0.hdslb.com/bfs/face/9ec8f1e11891eee1cc7dbe4e8357e9aa783c7ba9.jpg,1970-01-01 08:00:00,0,09-14,,5,-1,,1,0,bfs/space/768cc4fd97618cf589d23c2711a1d1a729f42235.png,1,0
521408,61gfc0m,保密,10000,http://static.hdslb.com/images/member/noface.gif,1970-01-01 08:00:00,0,01-01,,2,-1,,0,0,bfs/space/768cc4fd97618cf589d23c2711a1d1a729f42235.png,1,0
521409,但是我是妹控啊,男,10000,http://i1.hdslb.com/bfs/face/e33a2832cddcc94e7a432360b11c993e3cdd1d13.jpg,1970-01-01 08:00:00,0,06-13,EVA 飞跃巅峰 天元突破,5,-1,,2,1,bfs/space/768cc4fd97618cf589d23c2711a1d1a729f42235.png,1,0
521411,烈焰狐,男,10000,http://i0.hdslb.com/bfs/face/8dcec7de9a6a8badeee8c15f39ab11352b8e5726.jpg,1970-01-01 08:00:00,0,05-01,Q群：499720147。微博:http://weibo.com/hero151,5,-1,,2,1,bfs/space/768cc4fd97618cf589d23c2711a1d1a729f42235.png,1,0
521414,蜀阿葵,保密,10000,http://i0.hdslb.com/bfs/face/bfac1b84a3d56ab5a9bb3e37b866532f2bc8dbd0.jpg,1970-01-01 08:00:00,0,01-01,,5,-1,,0,0,bfs/space/768cc4fd97618cf589d23c2711a1d1a729f42235.png,1,0
521415,红茶子,保密,10000,http://static.hdslb.com/images/member/noface.gif,1970-01-01 08:00:00,0,01-01,,1,-1,,0,0,bfs/space/768cc4fd97618cf589d23c2711a1d1a729f42235.png,1,0
521416,天然卷控,女,10000,http://i2.hdslb.com/bfs/face/a5c045f84a1ad60a0ce7e891efdae9ed2e425cfb.jpg,1970-01-01 08:00:00,0,03-20,四叠半神话大系,4,-1,,0,0,bfs/space/768cc4fd97618cf589d23c2711a1d1a729f42235.png,1,0
521417,严大花,女,10000,http://i1.hdslb.com/bfs/face/f748a0501cd92aa96a9fe3d4bcf397b37e714623.jpg,1970-01-01 08:00:00,0,02-21,做一朵????,5,-1,,0,0,bfs/space/768cc4fd97618cf589d23c2711a1d1a729f42235.png,1,0
521418,女王丶王道,保密,10000,http://i0.hdslb.com/bfs/face/d95acee76dcb116237d67fe4a351eb95e62302ab.jpg,1970-01-01 08:00:00,0,11-23,,5,-1,,1,1,bfs/space/768cc4fd97618cf589d23c2711a1d1a729f42235.png,1,0
521419,haichong,保密,10000,http://static.hdslb.com/images/member/noface.gif,1970-01-01 08:00:00,0,01-01,,1,-1,,0,0,bfs/space/768cc4fd97618cf589d23c2711a1d1a729f42235.png,1,0
521420,blackeyes,保密,10000,http://i2.hdslb.com/bfs/face/db7fa28cd400c7b2594bffcb7f331f7cebf50eda.jpg,1970-01-01 08:00:00,0,01-01,,4,-1,,2,1,bfs/space/768cc4fd97618cf589d23c2711a1d1a729f42235.png,1,0
521421,晞酱,保密,10000,http://i2.hdslb.com/bfs/face/8b7df6359a5723446818196da4e8d91d9acdef66.jpg,1970-01-01 08:00:00,0,01-01,,3,-1,,0,0,bfs/space/768cc4fd97618cf589d23c2711a1d1a729f42235.png,1,0
521422,WuLi萝卜,保密,10000,http://i1.hdslb.com/bfs/face/c5e9f295a74bf255b9caec35941ac207ef7e6e6e.jpg,1970-01-01 08:00:00,0,01-31,,5,-1,,2,1,bfs/space/768cc4fd97618cf589d23c2711a1d1a729f42235.png,1,0
521425,掉进河里の小斧,男,10000,http://i0.hdslb.com/bfs/face/17740335ee54c8a9f7ad470853f6ff42fb18e41d.jpg,1970-01-01 08:00:00,0,01-01,,5,-1,,2,1,bfs/space/768cc4fd97618cf589d23c2711a1d1a729f42235.png,1,0
521426,纯纯纯C,男,10000,http://i1.hdslb.com/bfs/face/1e1f9de4d90464d4713030f047023993a9e4b3dc.jpg,1970-01-01 08:00:00,0,10-18,,5,-1,,2,1,bfs/space/d60a4be11f1bca6168a60a53c64bca18eddd6443.jpg,2,0
521427,空時計,男,10000,http://i0.hdslb.com/bfs/face/542ef595c909b530726fe6ea755c1e6f51579ee2.jpg,1970-01-01 08:00:00,0,01-01,,5,-1,,1,0,bfs/space/768cc4fd97618cf589d23c2711a1d1a729f42235.png,1,0
521429,月涙,男,10000,http://i1.hdslb.com/bfs/face/710a8878a73e6df889af9969b0d75376e7dc7413.jpg,1970-01-01 08:00:00,0,08-01,愿你走出半生，归来仍是少年,5,-1,,2,1,bfs/space/768cc4fd97618cf589d23c2711a1d1a729f42235.png,1,0
521430,知性优雅知性马富裕,女,10000,http://i2.hdslb.com/bfs/face/fd16d68a67158cd616c28b616cb9673afc8626de.jpg,1970-01-01 08:00:00,0,06-30,,5,-1,,2,1,bfs/space/768cc4fd97618cf589d23c2711a1d1a729f42235.png,1,0
521431,SkyRaker,保密,10000,http://i0.hdslb.com/bfs/face/330879d85250870fecfca84446b80b17a46f6aee.gif,1970-01-01 08:00:00,0,01-01,,5,-1,,1,0,bfs/space/768cc4fd97618cf589d23c2711a1d1a729f42235.png,1,0
521433,四足能喵,男,10000,http://static.hdslb.com/images/member/noface.gif,1970-01-01 08:00:00,0,05-12,,4,-1,,1,0,bfs/space/768cc4fd97618cf589d23c2711a1d1a729f42235.png,1,0
521435,Reduni,保密,10000,http://i2.hdslb.com/bfs/face/4129d7cda0adeec0d409a5f563c34d5e56f99ef3.jpg,1970-01-01 08:00:00,0,01-01,,5,-1,,2,1,bfs/space/768cc4fd97618cf589d23c2711a1d1a729f42235.png,1,0
521436,西涼錦馬超,保密,10000,http://static.hdslb.com/images/member/noface.gif,1970-01-01 08:00:00,0,01-01,鬼父刘玄德：赵云你妹！ 还我♂儿子♂！！！,2,-1,,0,0,bfs/space/768cc4fd97618cf589d23c2711a1d1a729f42235.png,1,0
521437,FieldのGod,保密,10000,http://i0.hdslb.com/bfs/face/79676da7dc4ae39b5bf21a8b79f79817f66881d8.jpg,1970-01-01 08:00:00,0,01-01,BL18606756,5,-1,,1,0,bfs/space/768cc4fd97618cf589d23c2711a1d1a729f42235.png,1,0
521438,太虚空尘,保密,10000,http://i1.hdslb.com/bfs/face/c806fba704cfaf2ee44887e758b9a99d2eacc7c3.jpg,1970-01-01 08:00:00,0,02-14,大変お多忙お兄さん,4,-1,,0,0,bfs/space/768cc4fd97618cf589d23c2711a1d1a729f42235.png,1,0
521439,醉/kami,保密,10000,http://i0.hdslb.com/bfs/face/6c637637eeb04554578b6ded84dcbdbd18f0d1a8.jpg,1970-01-01 08:00:00,0,11-30,ACG万岁！,4,-1,,2,1,bfs/space/768cc4fd97618cf589d23c2711a1d1a729f42235.png,1,0
521440,神羽默,男,10000,http://i0.hdslb.com/bfs/face/1b70fb00dd42070b5d15ca6291c45b575625a3ec.jpg,1970-01-01 08:00:00,0,03-03,,6,-1,,2,1,bfs/space/768cc4fd97618cf589d23c2711a1d1a729f42235.png,1,0
521441,暗の界限,保密,10000,http://static.hdslb.com/images/member/noface.gif,1970-01-01 08:00:00,0,01-01,,1,-1,,0,0,bfs/space/768cc4fd97618cf589d23c2711a1d1a729f42235.png,1,0
521442,怒干鸟梦云,保密,10000,http://static.hdslb.com/images/member/noface.gif,1970-01-01 08:00:00,0,11-15,,5,-1,,1,0,bfs/space/768cc4fd97618cf589d23c2711a1d1a729f42235.png,1,0
521443,焰_語,男,10000,http://i2.hdslb.com/bfs/face/aa53b1d476f8b0300d6bc3e65c7794aa11f81144.jpg,1970-01-01 08:00:00,0,01-02,,5,-1,,2,1,bfs/space/768cc4fd97618cf589d23c2711a1d1a729f42235.png,1,0
521444,西四炸弹,保密,10000,http://i0.hdslb.com/bfs/face/e631666a513496dde4baf0ce3b695be5e35a77ad.jpg,1970-01-01 08:00:00,0,12-18,做什么都是因为喜欢。微博@-西四boom-,6,0,bilibili 2018百大UP主、高能联盟成员,2,1,bfs/space/ff3b0882e55c1099738e59616e5956ad357d9948.jpg,10,0
521445,羊苡,女,10000,http://i2.hdslb.com/bfs/face/e369cfb3089e308dcf648b8dce14a9cd6acdd9fe.jpg,1970-01-01 08:00:00,0,07-26,喵喵喵~,2,-1,,0,0,bfs/space/768cc4fd97618cf589d23c2711a1d1a729f42235.png,1,0
521446,樱梦.,保密,10000,http://static.hdslb.com/images/member/noface.gif,1970-01-01 08:00:00,0,01-01,,2,-1,,0,0,bfs/space/768cc4fd97618cf589d23c2711a1d1a729f42235.png,1,0
521447,saubicts,保密,10000,http://i1.hdslb.com/bfs/face/7e655927bd6c71dacc95f183953a8fd9a4c678fe.jpg,1970-01-01 08:00:00,0,01-01,,4,-1,,2,1,bfs/space/768cc4fd97618cf589d23c2711a1d1a729f42235.png,1,0
521448,茶液,保密,10000,http://i0.hdslb.com/bfs/face/793d9f952f06ec78e38ef7602734a76f7f8decc6.jpg,1970-01-01 08:00:00,0,12-28,,5,-1,,1,0,bfs/space/768cc4fd97618cf589d23c2711a1d1a729f42235.png,1,0
521449,牛郎侄女,保密,10000,http://static.hdslb.com/images/member/noface.gif,1970-01-01 08:00:00,0,01-01,,2,-1,,0,0,bfs/space/768cc4fd97618cf589d23c2711a1d1a729f42235.png,1,0
521450,yiy,保密,10000,http://static.hdslb.com/images/member/noface.gif,1970-01-01 08:00:00,0,01-01,,5,-1,,0,0,bfs/space/768cc4fd97618cf589d23c2711a1d1a729f42235.png,1,0
521451,青石、,男,10000,http://i0.hdslb.com/bfs/face/f00ad4d05c98a23808da3e53f250e08fb52a60ef.jpg,1970-01-01 08:00:00,0,10-14,,5,-1,,0,0,bfs/space/768cc4fd97618cf589d23c2711a1d1a729f42235.png,1,0
521452,湛蓝水星,男,10000,http://i1.hdslb.com/bfs/face/df338736ab5ec7c5f3f51e41ad7354e3ecd82270.gif,1970-01-01 08:00:00,0,06-24,求什麽福利？我就是福利！,5,-1,,0,0,bfs/space/768cc4fd97618cf589d23c2711a1d1a729f42235.png,1,0
521454,喝蒙牛的猛牛,男,10000,http://i1.hdslb.com/bfs/face/984a53dd3dec3052177062a60e0a5f9a932ce489.jpg,1970-01-01 08:00:00,0,08-20,"Heaven on the left,the warriors turn to right",5,-1,,2,1,bfs/space/ef1b08e62fdc35b06e39795bc6de8e510935bf97.jpg,9,0
521455,my god,保密,10000,http://static.hdslb.com/images/member/noface.gif,1970-01-01 08:00:00,0,01-01,,1,-1,,0,0,bfs/space/768cc4fd97618cf589d23c2711a1d1a729f42235.png,1,0
521456,totsuka_tatara,保密,10000,http://i0.hdslb.com/bfs/face/bef7873b4a24bd17bca808890fb7b402cb1c2f9a.jpg,1970-01-01 08:00:00,0,12-05,,2,-1,,0,0,bfs/space/768cc4fd97618cf589d23c2711a1d1a729f42235.png,1,0
521457,剑指呆毛,女,10000,http://i2.hdslb.com/bfs/face/36f6c927bd7e128e55d85b0a94732b3dfb3d7b96.jpg,1970-01-01 08:00:00,0,06-10,生命不息，爬墙不止,5,-1,,1,0,bfs/space/768cc4fd97618cf589d23c2711a1d1a729f42235.png,1,0
521460,白剑-逐暗者,男,10000,http://i2.hdslb.com/bfs/face/408707dbe938ccb986196712fb6489c38b87bb1f.jpg,1970-01-01 08:00:00,0,12-16,这个up主很懒，什么都没留下,5,-1,,2,1,bfs/space/c9dae917e24b4fc17c4d544caf6b6c0b17f8692b.jpg,3,0
521461,蜜桃珍珍猪,女,10000,http://i1.hdslb.com/bfs/face/d45621cff582863413cce49f2d0cb085f48f6fca.jpg,1970-01-01 08:00:00,0,12-04,小珍妈妈,5,-1,,2,1,bfs/space/718eac8c71e29b8a80431c46110805c3a40e30a6.jpg,7,0
521462,如果没有你9,保密,10000,http://i0.hdslb.com/bfs/face/ec2203c1b73b9430cbaa46a29da322800f3a1ee3.jpg,1970-01-01 08:00:00,0,01-01,,1,-1,,0,0,bfs/space/768cc4fd97618cf589d23c2711a1d1a729f42235.png,1,0
521463,ipeace,保密,10000,http://static.hdslb.com/images/member/noface.gif,1970-01-01 08:00:00,0,01-01,,1,-1,,0,0,bfs/space/768cc4fd97618cf589d23c2711a1d1a729f42235.png,1,0
521464,三生烟火丶,保密,10000,http://i1.hdslb.com/bfs/face/2a54ff3be08aefa2ef90ea68b5232822ea79f31f.jpg,1970-01-01 08:00:00,0,01-01,,5,-1,,0,0,bfs/space/768cc4fd97618cf589d23c2711a1d1a729f42235.png,1,0
521465,井ノ原 真人,保密,10000,http://i0.hdslb.com/bfs/face/dba35fdce2f43bb71b61ae599d345432a3db390e.jpg,1970-01-01 08:00:00,0,01-01,,3,-1,,0,0,bfs/space/768cc4fd97618cf589d23c2711a1d1a729f42235.png,1,0
521466,MyonKeminta,男,10000,http://i2.hdslb.com/bfs/face/0fc7040461b361c78df48a719f8a8611243be038.jpg,1970-01-01 08:00:00,0,05-23,/w\\,4,-1,,1,0,bfs/space/768cc4fd97618cf589d23c2711a1d1a729f42235.png,1,0
521467,Black·Lotus.,保密,10000,http://i2.hdslb.com/bfs/face/02654aefa8c7c82213e2b0b8dc9688fdef4e4ca0.jpg,1970-01-01 08:00:00,0,01-01,"动态会发一些收集的碧蓝卫星。
碧蓝航线：瞭望台行动 豹子头0充
常用ID：Metatronwings",5,-1,,1,1,bfs/space/d60a4be11f1bca6168a60a53c64bca18eddd6443.jpg,2,0
521468,黒埼ちとせ,保密,10000,http://i2.hdslb.com/bfs/face/53eae9de504185aefcc03a3e6a09d66b84cafccc.jpg,1970-01-01 08:00:00,0,01-01,DA☆ZE~,5,-1,,1,0,bfs/space/768cc4fd97618cf589d23c2711a1d1a729f42235.png,1,0
521470,三弦TheGalahad,保密,10000,http://i1.hdslb.com/bfs/face/81b05c4350caebb48eb942927d3330cdb040919a.jpg,1970-01-01 08:00:00,0,05-23,三弦海军研究~微博@目前我叫三弦酱OvO ；Twitter 三弦呆娜呆OvO@MizuruNavyStudy,5,-1,,1,0,bfs/space/1f4eaf70d1bb981f6057b3e440249d7a1f65774f.jpg,4,0
521471,达酱油油,男,10000,http://i2.hdslb.com/bfs/face/7340ac72c1cdd38abc106a8cb43fa1ae0f64e4bb.jpg,1970-01-01 08:00:00,0,10-10,一直打酱油，从未够用过。,4,-1,,0,0,bfs/space/768cc4fd97618cf589d23c2711a1d1a729f42235.png,1,0
521472,再见_虫儿飞,保密,10000,http://i1.hdslb.com/bfs/face/a52075adb0cab7dacf5e9be0c07ac1a0149b0e55.jpg,1970-01-01 08:00:00,0,12-29,,4,-1,,2,1,bfs/space/768cc4fd97618cf589d23c2711a1d1a729f42235.png,1,0
521473,月西楼,保密,10000,http://i1.hdslb.com/bfs/face/cb9fede5778dfab151c2d7e0b135561f011fadc8.jpg,1970-01-01 08:00:00,0,05-20,,1,-1,,0,0,bfs/space/768cc4fd97618cf589d23c2711a1d1a729f42235.png,1,0
521474,雪殃云殇,保密,10000,http://i0.hdslb.com/bfs/face/f573f31036d4f88dab620540c92da4df6470effe.gif,1970-01-01 08:00:00,0,08-25,,5,-1,,2,1,bfs/space/768cc4fd97618cf589d23c2711a1d1a729f42235.png,1,0
521475,立丶华奏,保密,10000,http://static.hdslb.com/images/member/noface.gif,1970-01-01 08:00:00,0,01-01,,1,-1,,0,0,bfs/space/768cc4fd97618cf589d23c2711a1d1a729f42235.png,1,0
521476,リンゴジュースだ,男,10000,http://i2.hdslb.com/bfs/face/602eb20739890b0b929a8b5e0981dd9cb3d2313b.jpg,1970-01-01 08:00:00,0,11-18,ちゅうにちゆうこうで 長い道のりになりそうね,6,-1,,2,1,bfs/space/768cc4fd97618cf589d23c2711a1d1a729f42235.png,1,0
521477,风兮破帝,男,10000,http://i0.hdslb.com/bfs/face/e052140d77357453aa90786c406d3a9ec887196c.jpg,1970-01-01 08:00:00,0,05-20,世事如棋，乾坤莫测,5,-1,,2,1,bfs/space/768cc4fd97618cf589d23c2711a1d1a729f42235.png,1,0
521478,死师兄不死师弟,保密,10000,http://static.hdslb.com/images/member/noface.gif,1970-01-01 08:00:00,0,01-01,,5,-1,,1,1,bfs/space/768cc4fd97618cf589d23c2711a1d1a729f42235.png,1,0
521479,guliyan97,女,10000,http://static.hdslb.com/images/member/noface.gif,1970-01-01 08:00:00,0,01-01,,5,-1,,2,1,bfs/space/5fe2632486a5a91a234f0e7cb368ab6397477da4.jpg,5,0
521480,曜介团子酱,保密,10000,http://i1.hdslb.com/bfs/face/d58f718b82df7ad35221b6f950419487a79153a8.jpg,1970-01-01 08:00:00,0,01-01,,1,-1,,0,0,bfs/space/768cc4fd97618cf589d23c2711a1d1a729f42235.png,1,0
521481,无所谓的先生,保密,10000,http://static.hdslb.com/images/member/noface.gif,1970-01-01 08:00:00,0,07-09,,2,-1,,0,0,bfs/space/768cc4fd97618cf589d23c2711a1d1a729f42235.png,1,0
521482,炽炼,保密,10000,http://i0.hdslb.com/bfs/face/50bd4c24c93488a5615e3e4d456942b3734d1361.jpg,1970-01-01 08:00:00,0,01-01,,4,-1,,2,1,bfs/space/768cc4fd97618cf589d23c2711a1d1a729f42235.png,1,0
521483,yo!,男,10000,http://i1.hdslb.com/bfs/face/ad6debb1adc595f9bc13a18d5dda33cca538e418.jpg,1970-01-01 08:00:00,0,05-16,,4,-1,,0,0,bfs/space/768cc4fd97618cf589d23c2711a1d1a729f42235.png,1,0
521484,Kekoo,保密,10000,http://static.hdslb.com/images/member/noface.gif,1970-01-01 08:00:00,0,01-01,,2,-1,,0,0,bfs/space/768cc4fd97618cf589d23c2711a1d1a729f42235.png,1,0
521485,ninnin,保密,10000,http://static.hdslb.com/images/member/noface.gif,1970-01-01 08:00:00,0,01-01,,5,-1,,0,0,bfs/space/768cc4fd97618cf589d23c2711a1d1a729f42235.png,1,0
521486,Mor1arty_,保密,10000,http://i0.hdslb.com/bfs/face/12494b5567da5f9c69152d3ccc7f798347bb23e5.jpg,1970-01-01 08:00:00,0,01-01,"You can do everything you set your mind to,man.",5,-1,,1,0,bfs/space/768cc4fd97618cf589d23c2711a1d1a729f42235.png,1,0
521487,猪是念来过倒,保密,10000,http://i0.hdslb.com/bfs/face/9ac425b3cd732e1c684f925d723fd236f906c03e.jpg,1970-01-01 08:00:00,0,01-01,天行贱 ， 屌丝以搞基不息,5,-1,,2,1,bfs/space/768cc4fd97618cf589d23c2711a1d1a729f42235.png,1,0
521488,XExit,男,10000,http://i0.hdslb.com/bfs/face/0c542b3f4b1ee0c4f345c307714517fc98cd10cd.jpg,1970-01-01 08:00:00,0,12-31,啊~~~,5,-1,,1,0,bfs/space/1f4eaf70d1bb981f6057b3e440249d7a1f65774f.jpg,4,0
521489,血染卫生巾,男,10000,http://i1.hdslb.com/bfs/face/09f9ec43b02c64994443937689c28c433fdddcbc.jpg,1970-01-01 08:00:00,0,07-15,,5,-1,,1,0,bfs/space/768cc4fd97618cf589d23c2711a1d1a729f42235.png,1,0
521490,天国的内衣,保密,10000,http://static.hdslb.com/images/member/noface.gif,1970-01-01 08:00:00,0,01-01,,2,-1,,0,0,bfs/space/768cc4fd97618cf589d23c2711a1d1a729f42235.png,1,0
521491,伪黑的假面,保密,10000,http://i2.hdslb.com/bfs/face/3233a083e8f7c05c3916fd82b27e8cf247868488.jpg,1970-01-01 08:00:00,0,06-21,,5,-1,,1,0,bfs/space/768cc4fd97618cf589d23c2711a1d1a729f42235.png,1,0
521492,都築音羽,保密,10000,http://i0.hdslb.com/bfs/face/cf0a4e41a23de7d0336faed12c18524356b79795.jpg,1970-01-01 08:00:00,0,01-01,,3,-1,,0,0,bfs/space/768cc4fd97618cf589d23c2711a1d1a729f42235.png,1,0
521493,Paranoid墨旭,男,10000,http://i0.hdslb.com/bfs/face/269f1fdff5cadaae033ddb90adfab7cc60cc5255.jpg,1970-01-01 08:00:00,0,01-07,,5,-1,,1,0,bfs/space/1f4eaf70d1bb981f6057b3e440249d7a1f65774f.jpg,4,0
521494,朝烟,女,10000,http://i1.hdslb.com/bfs/face/4c7860c07097df8bbf66db17691535e9abbfce49.jpg,1970-01-01 08:00:00,0,07-02,,4,-1,,1,0,bfs/space/768cc4fd97618cf589d23c2711a1d1a729f42235.png,1,0
521495,逸酱么么哒,保密,10000,http://static.hdslb.com/images/member/noface.gif,1970-01-01 08:00:00,0,02-03,我,5,-1,,2,1,bfs/space/768cc4fd97618cf589d23c2711a1d1a729f42235.png,1,0
521496,戏鼻师,男,10000,http://i1.hdslb.com/bfs/face/c85a63f0a984a999ecaf6c6686b211fb0cf52a3f.jpg,1970-01-01 08:00:00,0,06-09,世间万物皆为虚无,5,-1,,0,0,bfs/space/768cc4fd97618cf589d23c2711a1d1a729f42235.png,1,0
521498,hyuuumi,女,10000,http://i1.hdslb.com/bfs/face/614910cca526f6c948e78cffb9f65b2fafe171f2.jpg,1970-01-01 08:00:00,0,01-01,,5,-1,,1,0,bfs/space/768cc4fd97618cf589d23c2711a1d1a729f42235.png,1,0
521500,soranya,男,10000,http://static.hdslb.com/images/member/noface.gif,1970-01-01 08:00:00,0,12-16,,2,-1,,0,0,bfs/space/768cc4fd97618cf589d23c2711a1d1a729f42235.png,1,0
521501,menyouping,保密,10000,http://static.hdslb.com/images/member/noface.gif,1970-01-01 08:00:00,0,01-01,,1,-1,,0,0,bfs/space/768cc4fd97618cf589d23c2711a1d1a729f42235.png,1,0
521502,约书亚-乔斯达,男,10000,http://i0.hdslb.com/bfs/face/237ef178731dbb532128c8b3be0fd304814acb1d.jpg,1970-01-01 08:00:00,0,01-12,,5,-1,,2,1,bfs/space/d60a4be11f1bca6168a60a53c64bca18eddd6443.jpg,2,0
521503,枫殛,保密,10000,http://static.hdslb.com/images/member/noface.gif,1970-01-01 08:00:00,0,01-01,,1,-1,,0,0,bfs/space/768cc4fd97618cf589d23c2711a1d1a729f42235.png,1,0
521504,ペペペペペク,保密,10000,http://i2.hdslb.com/bfs/face/570cdf729e72b08c2f8cfb126e9f631242e8d6da.jpg,1970-01-01 08:00:00,0,08-04,,5,-1,,2,1,bfs/space/768cc4fd97618cf589d23c2711a1d1a729f42235.png,1,0
521505,Deutschland,保密,10000,http://static.hdslb.com/images/member/noface.gif,1970-01-01 08:00:00,0,01-01,,1,-1,,0,0,bfs/space/768cc4fd97618cf589d23c2711a1d1a729f42235.png,1,0
521506,余非鰯,保密,10000,http://i0.hdslb.com/bfs/face/ff0606d29fdf8de8ad124ec4195d1c65e7f095fc.jpg,1970-01-01 08:00:00,0,01-01,,3,-1,,0,0,bfs/space/768cc4fd97618cf589d23c2711a1d1a729f42235.png,1,0
521507,sway_will,保密,10000,http://i2.hdslb.com/bfs/face/02b7d48788b8df33de397bbc9cd865b73b7ada75.gif,1970-01-01 08:00:00,0,01-01,二帅= =！,5,-1,,2,1,bfs/space/768cc4fd97618cf589d23c2711a1d1a729f42235.png,1,0
521508,hell1,男,10000,http://static.hdslb.com/images/member/noface.gif,1970-01-01 08:00:00,0,01-01,,4,-1,,1,0,bfs/space/768cc4fd97618cf589d23c2711a1d1a729f42235.png,1,0
521509,スパーユ,保密,10000,http://i1.hdslb.com/bfs/face/ab27442e5190576e1a64094d5015e5d2befbbf12.jpg,1970-01-01 08:00:00,0,09-23,,5,-1,,1,0,bfs/space/768cc4fd97618cf589d23c2711a1d1a729f42235.png,1,0
521510,阿肉肉肉肉H,保密,10000,http://static.hdslb.com/images/member/noface.gif,1970-01-01 08:00:00,0,01-01,,5,-1,,0,0,bfs/space/768cc4fd97618cf589d23c2711a1d1a729f42235.png,1,0
521511,乖乖战号,女,10000,http://i1.hdslb.com/bfs/face/4eab9657adc855329a5071962017549110ab3833.jpg,1970-01-01 08:00:00,0,07-09,,5,-1,,0,0,bfs/space/768cc4fd97618cf589d23c2711a1d1a729f42235.png,1,0
521512,pairongko8556,男,10000,http://static.hdslb.com/images/member/noface.gif,1970-01-01 08:00:00,0,01-01,,1,-1,,0,0,bfs/space/768cc4fd97618cf589d23c2711a1d1a729f42235.png,1,0
521513,龙梦灵,保密,10000,http://i2.hdslb.com/bfs/face/1c86552f6da362e5eb36aa9f3356dbd47e46b6f8.jpg,1970-01-01 08:00:00,0,05-05,,5,-1,,1,0,bfs/space/768cc4fd97618cf589d23c2711a1d1a729f42235.png,1,0
521514,君子坦蛋蛋,保密,10000,http://static.hdslb.com/images/member/noface.gif,1970-01-01 08:00:00,0,01-01,,2,-1,,0,0,bfs/space/768cc4fd97618cf589d23c2711a1d1a729f42235.png,1,0
521515,Crazyezio,保密,10000,http://static.hdslb.com/images/member/noface.gif,1970-01-01 08:00:00,0,01-01,,3,-1,,0,0,bfs/space/768cc4fd97618cf589d23c2711a1d1a729f42235.png,1,0
521516,Dejavu_Smeraldo,女,10000,http://i1.hdslb.com/bfs/face/d2ab50c41616164de71ba3962c5ea1d91f5d765c.jpg,1970-01-01 08:00:00,0,11-15,外有天大地大，我独深陷囹圄。,5,-1,,1,0,bfs/space/768cc4fd97618cf589d23c2711a1d1a729f42235.png,1,0
521517,黑兔熊,保密,10000,http://i0.hdslb.com/bfs/face/fe7c4a763e0ecc67127bedc066e15f4fb6633504.jpg,1970-01-01 08:00:00,0,02-14,脑子是个好东西,5,-1,,1,0,bfs/space/768cc4fd97618cf589d23c2711a1d1a729f42235.png,1,0
521518,囧槑子-阿珠,保密,10000,http://i1.hdslb.com/bfs/face/10699ab80a26350057a6cc1c043d22bf43227039.jpg,1970-01-01 08:00:00,0,10-01,伪科技宅。,5,-1,,1,0,bfs/space/768cc4fd97618cf589d23c2711a1d1a729f42235.png,1,0
521520,西希,保密,10000,http://i0.hdslb.com/bfs/face/0098162485e2af05f02b436912a6376d897899bc.jpg,1970-01-01 08:00:00,0,01-10,,5,-1,,2,1,bfs/space/768cc4fd97618cf589d23c2711a1d1a729f42235.png,1,0
521521,顏葉,保密,10000,http://i0.hdslb.com/bfs/face/6d97b47f1849b460c30f5cf0f61463581862f2af.gif,1970-01-01 08:00:00,0,11-06,一飞冲天决带笑。,5,-1,,1,0,bfs/space/5fe2632486a5a91a234f0e7cb368ab6397477da4.jpg,5,0
521522,十里霜天Rylynn,保密,10000,http://i2.hdslb.com/bfs/face/d163fd688c628ca18697c295e8afdd51d0cf9ebb.jpg,1970-01-01 08:00:00,0,01-01,,5,-1,,0,0,bfs/space/768cc4fd97618cf589d23c2711a1d1a729f42235.png,1,0
521523,维塔VVOVV,保密,10000,http://i1.hdslb.com/bfs/face/ce0931703796bdfeff0ae00a962b8392ed952ddd.jpg,1970-01-01 08:00:00,0,01-01,,4,-1,,1,0,bfs/space/768cc4fd97618cf589d23c2711a1d1a729f42235.png,1,0
521524,阿九耶QAQ,男,10000,http://i0.hdslb.com/bfs/face/9166945dbc3b4dd4376a13dee7db5be72797e8a5.jpg,1970-01-01 08:00:00,0,11-26,你是我唯一的光,5,-1,,2,1,bfs/space/ff3b0882e55c1099738e59616e5956ad357d9948.jpg,10,0
521525,Arkanihamed,保密,10000,http://static.hdslb.com/images/member/noface.gif,1970-01-01 08:00:00,0,01-01,,5,-1,,2,1,bfs/space/768cc4fd97618cf589d23c2711a1d1a729f42235.png,1,0
521526,豪勇七蛟龙,男,10000,http://i1.hdslb.com/bfs/face/aecde5b62e4a0f42dc4e4ed83ec26bf6efaa77a9.jpg,1970-01-01 08:00:00,0,04-01,,5,-1,,2,1,bfs/space/768cc4fd97618cf589d23c2711a1d1a729f42235.png,1,0
521527,艺术渣,男,10000,http://i0.hdslb.com/bfs/face/0f0b59fa28ab889be0987c71e6ad447e8348ad89.jpg,1970-01-01 08:00:00,0,12-01,,4,-1,,2,1,bfs/space/768cc4fd97618cf589d23c2711a1d1a729f42235.png,1,0
521528,肉欲棒太郎,保密,10000,http://i2.hdslb.com/bfs/face/1e8c90b801c4298ec719833513b77af1bdb92550.jpg,1970-01-01 08:00:00,0,01-22,我爱肉欲棒太郎,5,-1,,1,0,bfs/space/768cc4fd97618cf589d23c2711a1d1a729f42235.png,1,0
521529,存在感淡薄的同学,保密,10000,http://i0.hdslb.com/bfs/face/3c4690c3aeda887850117287ba056775e3998b2a.jpg,1970-01-01 08:00:00,0,03-27,在走廊上跌倒流鼻血，在人生上跌倒流眼泪  0113003212,5,-1,,1,0,bfs/space/768cc4fd97618cf589d23c2711a1d1a729f42235.png,1,0
521530,琪露诺·海灵顿,保密,10000,http://i1.hdslb.com/bfs/face/f37516463ea76dc8dfc501edfb8c2f2e8125cba4.jpg,1970-01-01 08:00:00,0,01-01,,5,-1,,2,1,bfs/space/cc4d5eb1f2ea8197444d5ee65a024d50f704f5ce.png,16,0
521531,White丶Mane,男,10000,http://i1.hdslb.com/bfs/face/ee1788af8441fdbbf2d2e16bfc73bc16a0ceee8a.jpg,1970-01-01 08:00:00,0,01-01,,4,-1,,0,0,bfs/space/768cc4fd97618cf589d23c2711a1d1a729f42235.png,1,0
521532,盯人の爱丽丝,女,10000,http://i0.hdslb.com/bfs/face/a167a42b6b3cae9817d39fc666e08c2c621e1b65.jpg,1970-01-01 08:00:00,0,03-13,爱好COC,4,-1,,1,0,bfs/space/768cc4fd97618cf589d23c2711a1d1a729f42235.png,1,0
521534,xenopp,保密,10000,http://static.hdslb.com/images/member/noface.gif,1970-01-01 08:00:00,0,10-01,,3,-1,,2,1,bfs/space/768cc4fd97618cf589d23c2711a1d1a729f42235.png,1,0
521535,白娘子玩传奇,保密,10000,http://static.hdslb.com/images/member/noface.gif,1970-01-01 08:00:00,0,01-01,,3,-1,,0,0,bfs/space/768cc4fd97618cf589d23c2711a1d1a729f42235.png,1,0
521537,腐烂的弗兰,女,10000,http://i2.hdslb.com/bfs/face/8abf42ee6e4fc1fd0cc0d8d3dc5b05fdbfc6d224.jpg,1970-01-01 08:00:00,0,05-04,我是小可爱,5,-1,,1,0,bfs/space/768cc4fd97618cf589d23c2711a1d1a729f42235.png,1,0
521538,八丈丨椿,保密,10000,http://i2.hdslb.com/bfs/face/2f20666a515d420d533b87f248cba36f449d63a4.jpg,1970-01-01 08:00:00,0,01-01,你的电闸被拉了,5,-1,,1,0,bfs/space/c9dae917e24b4fc17c4d544caf6b6c0b17f8692b.jpg,3,0
521539,梅丹佐,保密,10000,http://i1.hdslb.com/bfs/face/a6daadb1b3265f739b5c9f4642a2e53363f693e6.jpg,1970-01-01 08:00:00,0,01-01,,5,-1,,1,0,bfs/space/768cc4fd97618cf589d23c2711a1d1a729f42235.png,1,0
521540,北猫若卯,保密,10000,http://i2.hdslb.com/bfs/face/d9c17cfe8c8d33271e349e3c074dad943173a154.jpg,1970-01-01 08:00:00,0,01-01,"微博@北猫若卯 lof@Catrom
不太看B站消息......",5,-1,,1,0,bfs/space/768cc4fd97618cf589d23c2711a1d1a729f42235.png,1,0
521541,凯风快晴fujiyama,男,10000,http://i1.hdslb.com/bfs/face/df2046e4573ded3c55728c2ad0d85118a7dcf27c.jpg,1970-01-01 08:00:00,0,01-01,污秽之世 美丽之笼 死亡之后 愈发愉悦,4,-1,,1,0,bfs/space/768cc4fd97618cf589d23c2711a1d1a729f42235.png,1,0
521543,ERROl_lll,女,10000,http://i0.hdslb.com/bfs/face/2d29ffefab42801c1decad33097d996eeb93829b.jpg,1970-01-01 08:00:00,0,02-09,,5,-1,,0,0,bfs/space/d60a4be11f1bca6168a60a53c64bca18eddd6443.jpg,2,0
521544,秋日战士,女,10000,http://i2.hdslb.com/bfs/face/208fe32f0696483fdc79d9d59ff3fdc0f171162b.jpg,1970-01-01 08:00:00,0,11-02,,5,-1,,2,1,bfs/space/768cc4fd97618cf589d23c2711a1d1a729f42235.png,1,0
521545,Buzzinglarrie,保密,10000,http://i2.hdslb.com/bfs/face/9b0477c5e52f3b1a87555bacc63beb251ae1cda3.jpg,1970-01-01 08:00:00,0,01-01,,5,-1,,1,0,bfs/space/1f4eaf70d1bb981f6057b3e440249d7a1f65774f.jpg,4,0
521546,MINIJ,女,10000,http://i2.hdslb.com/bfs/face/18f255c0d096560eb5f16bd875573e02b990f7e9.jpg,1970-01-01 08:00:00,0,02-03,,4,-1,,0,0,bfs/space/768cc4fd97618cf589d23c2711a1d1a729f42235.png,1,0
521547,九条毛,保密,10000,http://i1.hdslb.com/bfs/face/ed4276f5a4ff15dfba553c6a6a55e24e7d7cfd15.jpg,1970-01-01 08:00:00,0,01-01,这个人懒，死了。,5,-1,,2,1,bfs/space/d60a4be11f1bca6168a60a53c64bca18eddd6443.jpg,2,0
521548,创史的上白泽慧音,保密,10000,http://i2.hdslb.com/bfs/face/73da4ed1c86b933460adc101e86745ff91490108.jpg,1970-01-01 08:00:00,0,12-12,,5,-1,,1,0,bfs/space/768cc4fd97618cf589d23c2711a1d1a729f42235.png,1,0
521549,名为弓箭手的剑术师,男,10000,http://i0.hdslb.com/bfs/face/fedf2e879138c064d1b92af31f8b280c55dd8ac4.jpg,1970-01-01 08:00:00,-2,11-27,,4,-1,,1,0,bfs/space/768cc4fd97618cf589d23c2711a1d1a729f42235.png,1,0
521551,大探险家,男,10000,http://i1.hdslb.com/bfs/face/7ac9c197c3675388be80be423f6b6ff0b9b45ca1.jpg,1970-01-01 08:00:00,0,04-14,毫无节操。。。,5,-1,,2,1,bfs/space/768cc4fd97618cf589d23c2711a1d1a729f42235.png,1,0
521552,裤裆有点紧,男,10000,http://i0.hdslb.com/bfs/face/bdcc4e72df2e4c1aaf789c7953cd58935b6999da.jpg,1970-01-01 08:00:00,0,01-01,,1,-1,,0,0,bfs/space/768cc4fd97618cf589d23c2711a1d1a729f42235.png,1,0
521553,Umihna,男,10000,http://i1.hdslb.com/bfs/face/06f682c792963f4a81bbc58f2c0c52eb1c7f8baf.jpg,1970-01-01 08:00:00,0,01-01,生时独望不相闻，离时独泣不相知。,5,-1,,0,0,bfs/space/768cc4fd97618cf589d23c2711a1d1a729f42235.png,1,0
521554,一缩哥,保密,10000,http://static.hdslb.com/images/member/noface.gif,1970-01-01 08:00:00,0,01-29,,1,-1,,0,0,bfs/space/768cc4fd97618cf589d23c2711a1d1a729f42235.png,1,0
521555,小Do,保密,10000,http://i2.hdslb.com/bfs/face/954e0e5ed9f3d040d322750ba889ac0e1aec3f90.jpg,1970-01-01 08:00:00,0,02-21,,5,-1,,2,1,bfs/space/768cc4fd97618cf589d23c2711a1d1a729f42235.png,1,0
521556,西木野提款姫,保密,10000,http://i0.hdslb.com/bfs/face/b5def5aa87517157e545f990d1f6c47f2f2dc4f1.jpg,1970-01-01 08:00:00,0,08-31,,5,-1,,0,0,bfs/space/f5d38e2af44fd12fa65423aff55933fcf9071419.jpg,12,0
521557,痒痒痒痒痒,保密,10000,http://static.hdslb.com/images/member/noface.gif,1970-01-01 08:00:00,0,01-01,,2,-1,,0,0,bfs/space/768cc4fd97618cf589d23c2711a1d1a729f42235.png,1,0
521558,落忆枫音,保密,10000,http://static.hdslb.com/images/member/noface.gif,1970-01-01 08:00:00,0,01-01,,1,-1,,0,0,bfs/space/768cc4fd97618cf589d23c2711a1d1a729f42235.png,1,0
521559,叶一了,保密,10000,http://i1.hdslb.com/bfs/face/7cffe98eadbc225d9219b62541e65bc62b13f5b1.jpg,1970-01-01 08:00:00,0,06-02,有的人表面上是打游戏的，其实背地里是一个快乐的小 画 家（？,5,-1,,2,1,bfs/space/3dd894af650add2e9b50a56e5732aeb11f7691a9.png,4578850,0
521560,中二病没法治,保密,10000,http://static.hdslb.com/images/member/noface.gif,1970-01-01 08:00:00,0,01-01,,1,-1,,0,0,bfs/space/768cc4fd97618cf589d23c2711a1d1a729f42235.png,1,0
521561,空想世界的面具熊,男,10000,http://i1.hdslb.com/bfs/face/ac250361ad4909a95782aceea6af6afa7a32462c.jpg,1970-01-01 08:00:00,0,01-01,汤圆真好吃|听闻翻唱区要细分了，可以愉快的甩锅了|,5,-1,,2,1,bfs/space/768cc4fd97618cf589d23c2711a1d1a729f42235.png,1,0
521562,鸽骑°NINOMI,男,10000,http://i2.hdslb.com/bfs/face/2438b4d5a766dbd971a57a8f28edf26a24224021.jpg,1970-01-01 08:00:00,0,07-14,克己复礼，隐忍以行，厚积薄发。,5,-1,,1,0,bfs/space/ef1b08e62fdc35b06e39795bc6de8e510935bf97.jpg,9,0
521563,純屬虛構,保密,10000,http://static.hdslb.com/images/member/noface.gif,1970-01-01 08:00:00,0,01-01,,2,-1,,0,0,bfs/space/768cc4fd97618cf589d23c2711a1d1a729f42235.png,1,0
521564,兰酱大魔王,保密,10000,http://i1.hdslb.com/bfs/face/c0edb9c322200265dbb0db9b49d6fc2d5d2758f4.jpg,1970-01-01 08:00:00,0,10-05,原ID我只想当一条咸鱼,5,-1,,1,0,bfs/space/aea2dd7b8894ce31d578d4fad6a7188c7b49cb2f.jpg,15,0
521565,弱小可怜又无助但头大,保密,10000,http://i2.hdslb.com/bfs/face/b95995c2628c225599490cf355539d6590975cdf.jpg,1970-01-01 08:00:00,0,05-29,,5,-1,,1,0,bfs/space/768cc4fd97618cf589d23c2711a1d1a729f42235.png,1,0
521566,不能烧的柴,女,10000,http://i1.hdslb.com/bfs/face/6d0c4e62e303d85530d739bf780486b4659eddaa.jpg,1970-01-01 08:00:00,0,09-24,这里要写毛好啊？！,5,-1,,2,1,bfs/space/e8122f8d8235c909b991798669c0790b28bbd7e8.png,3205698,0
521567,Mud Turtle,保密,10000,http://i0.hdslb.com/bfs/face/c0305a0e2c4089e1bdd6aae0640e2a22decdcc33.jpg,1970-01-01 08:00:00,0,01-01,,1,-1,,0,0,bfs/space/768cc4fd97618cf589d23c2711a1d1a729f42235.png,1,0
521568,后羿爱猫扑,保密,10000,http://static.hdslb.com/images/member/noface.gif,1970-01-01 08:00:00,0,01-01,,2,-1,,0,0,bfs/space/768cc4fd97618cf589d23c2711a1d1a729f42235.png,1,0
521569,奥村拓哉,保密,10000,http://i1.hdslb.com/bfs/face/e8fe6dfd6b81742877dbee20b3e66bbbc6068359.jpg,1970-01-01 08:00:00,0,01-01,,5,-1,,2,1,bfs/space/768cc4fd97618cf589d23c2711a1d1a729f42235.png,1,0
521570,娃娃先去,保密,10000,http://static.hdslb.com/images/member/noface.gif,1970-01-01 08:00:00,0,01-01,,2,-1,,0,0,bfs/space/768cc4fd97618cf589d23c2711a1d1a729f42235.png,1,0
521571,氟氯代烷,保密,10000,http://static.hdslb.com/images/member/noface.gif,1970-01-01 08:00:00,0,01-01,,1,-1,,0,0,bfs/space/768cc4fd97618cf589d23c2711a1d1a729f42235.png,1,0
521572,野孩子涂鸦·官方,男,10000,http://i2.hdslb.com/bfs/face/7d0c6cbfd43409c2c2550f107768357fb8d7d186.jpg,1970-01-01 08:00:00,0,11-30,手绘，漫威，迪士尼！,5,-1,,1,1,bfs/space/768cc4fd97618cf589d23c2711a1d1a729f42235.png,1,0
521574,D hunter,男,10000,http://static.hdslb.com/images/member/noface.gif,1970-01-01 08:00:00,0,01-01,,5,-1,,1,0,bfs/space/768cc4fd97618cf589d23c2711a1d1a729f42235.png,1,0
521575,犬牙,男,10000,http://i2.hdslb.com/bfs/face/7276ae4eeb2c360684ab9d376f25ea245a590a4e.jpg,1970-01-01 08:00:00,0,05-19,,5,-1,,1,0,bfs/space/f9e9bf165029abaa24906fdc9fe45cf28aa73f50.jpg,8,0
521576,洛书千年恋,男,10000,http://i0.hdslb.com/bfs/face/caeb2f7c7cd91fcd6dcee1b8086548e171c25d14.jpg,1970-01-01 08:00:00,0,06-01,,5,-1,,0,0,bfs/space/768cc4fd97618cf589d23c2711a1d1a729f42235.png,1,0
521577,想念之诗,保密,10000,http://i1.hdslb.com/bfs/face/3b46ecd86464f3946a340bdaf74c31b6c852810d.jpg,1970-01-01 08:00:00,0,06-28,,5,-1,,1,0,bfs/space/768cc4fd97618cf589d23c2711a1d1a729f42235.png,1,0
521578,-.-...,保密,10000,http://static.hdslb.com/images/member/noface.gif,1970-01-01 08:00:00,0,01-01,,1,-1,,0,0,bfs/space/768cc4fd97618cf589d23c2711a1d1a729f42235.png,1,0
521580,重铬酸,保密,10000,http://i0.hdslb.com/bfs/face/17c035f7a39ce8a15665da50f17c8c60fe0ce9b0.jpg,1970-01-01 08:00:00,0,10-30,以卵击石，石破天惊！,5,-1,,0,0,bfs/space/768cc4fd97618cf589d23c2711a1d1a729f42235.png,1,0
521581,RIYU,男,10000,http://i2.hdslb.com/bfs/face/76790055fccf826aa453442ede5f678e8ff6dbd9.jpg,1970-01-01 08:00:00,0,05-22,,5,-1,,2,1,bfs/space/768cc4fd97618cf589d23c2711a1d1a729f42235.png,1,0
521582,rryu,男,10000,http://i2.hdslb.com/bfs/face/1835c71da7f2679b5888d6da68c28e6efa07a399.jpg,1970-01-01 08:00:00,0,01-01,,5,-1,,2,1,bfs/space/768cc4fd97618cf589d23c2711a1d1a729f42235.png,1,0
521583,StarPrince_,保密,10000,http://i2.hdslb.com/bfs/face/ae82bb84c40fa7d985c4fd4165f8a566b24beb0b.jpg,1970-01-01 08:00:00,0,01-01,"以歌之王子殿下cos为中心进行翻跳的小组StarPrince,请多多支持！",2,-1,,0,0,bfs/space/768cc4fd97618cf589d23c2711a1d1a729f42235.png,1,0
521584,colin915,保密,10000,http://i0.hdslb.com/bfs/face/5d3ba5bca0eba7ad2193520cf137f84365e4cdfe.jpg,1970-01-01 08:00:00,0,01-01,,3,-1,,0,0,bfs/space/768cc4fd97618cf589d23c2711a1d1a729f42235.png,1,0
521585,水明月影,保密,10000,http://static.hdslb.com/images/member/noface.gif,1970-01-01 08:00:00,0,01-01,,2,-1,,0,0,bfs/space/768cc4fd97618cf589d23c2711a1d1a729f42235.png,1,0
521586,AutreMonde,保密,10000,http://i0.hdslb.com/bfs/face/802460b2a159446136b33a963563fe8f9f8ddbe0.jpg,1970-01-01 08:00:00,0,01-01,,5,-1,,2,1,bfs/space/768cc4fd97618cf589d23c2711a1d1a729f42235.png,1,0
521587,Cissnai,女,10000,http://i0.hdslb.com/bfs/face/19c633a5cb392294e496133d6e23a7b8eef6b6a9.jpg,1970-01-01 08:00:00,0,01-17,,5,-1,,2,1,bfs/space/d60a4be11f1bca6168a60a53c64bca18eddd6443.jpg,2,0
521588,啊飞,保密,10000,http://i1.hdslb.com/bfs/face/f9917f99bd76992b9822a3b9ae8633c674423d00.jpg,1970-01-01 08:00:00,0,05-16,,5,-1,,2,1,bfs/space/768cc4fd97618cf589d23c2711a1d1a729f42235.png,1,0
521589,刀剃剃,保密,10000,http://i2.hdslb.com/bfs/face/a78bb37a7a7b7378ba7c0a7a201cfa989bed0173.jpg,1970-01-01 08:00:00,0,01-01,,3,-1,,0,0,bfs/space/768cc4fd97618cf589d23c2711a1d1a729f42235.png,1,0
521590,酱油丨加冰,男,10000,http://i0.hdslb.com/bfs/face/b59ca30f8ee10c1e6319b53bfb48d9c3e61ab10c.jpg,1970-01-01 08:00:00,0,09-15,,5,-1,,2,1,bfs/space/768cc4fd97618cf589d23c2711a1d1a729f42235.png,1,0
521591,じòぴé無耻,保密,10000,http://static.hdslb.com/images/member/noface.gif,1970-01-01 08:00:00,0,01-01,,2,-1,,0,0,bfs/space/768cc4fd97618cf589d23c2711a1d1a729f42235.png,1,0
521592,奥里斯汀,保密,10000,http://i0.hdslb.com/bfs/face/30a2b8a0f6a03c6ab7f0317b22229c0f8acaf971.jpg,1970-01-01 08:00:00,0,01-01,,4,-1,,1,0,bfs/space/768cc4fd97618cf589d23c2711a1d1a729f42235.png,1,0
521593,切嗣SX,女,10000,http://i0.hdslb.com/bfs/face/a0fce3b64288180c3469e2845b5a2764161d71fd.jpg,1970-01-01 08:00:00,0,03-20,,3,-1,,0,0,bfs/space/768cc4fd97618cf589d23c2711a1d1a729f42235.png,1,0
521594,鎏月小宁宁,保密,10000,http://i0.hdslb.com/bfs/face/c1cbda06a73ae294da8cbd2fe93e8084b58143c5.jpg,1970-01-01 08:00:00,0,01-01,,5,-1,,1,0,bfs/space/dc02d22a718c1c436f1a355b3cd726b04098ef7d.jpg,6,0
521595,鱼塘未來,男,10000,http://i2.hdslb.com/bfs/face/941a5422171c170993e602c9187992309dc23d9a.jpg,1970-01-01 08:00:00,0,09-11,,5,-1,,1,0,bfs/space/d60a4be11f1bca6168a60a53c64bca18eddd6443.jpg,2,0
521597,御龙,保密,10000,http://static.hdslb.com/images/member/noface.gif,1970-01-01 08:00:00,0,01-01,,4,-1,,0,0,bfs/space/768cc4fd97618cf589d23c2711a1d1a729f42235.png,1,0
521598,ToloveMOMO,保密,10000,http://i1.hdslb.com/bfs/face/d5282ba5ab772a088dea0ff5868bca816a221ce5.jpg,1970-01-01 08:00:00,0,01-01,,5,-1,,1,0,bfs/space/768cc4fd97618cf589d23c2711a1d1a729f42235.png,1,0
521599,始于读书,男,10000,http://i0.hdslb.com/bfs/face/852353aa0d9c0044b501aa232bc1f5b2cad7c2ba.gif,1970-01-01 08:00:00,0,01-01,人类为什么要互相伤害！,4,-1,,2,1,bfs/space/768cc4fd97618cf589d23c2711a1d1a729f42235.png,1,0
521600,西门胤一,保密,10000,http://i2.hdslb.com/bfs/face/e9192c99f2ff92db7d756fd976ec4e01c04cc4a8.jpg,1970-01-01 08:00:00,0,01-01,,2,-1,,0,0,bfs/space/768cc4fd97618cf589d23c2711a1d1a729f42235.png,1,0
521602,暗影辰光,保密,10000,http://static.hdslb.com/images/member/noface.gif,1970-01-01 08:00:00,0,01-01,,4,-1,,0,0,bfs/space/768cc4fd97618cf589d23c2711a1d1a729f42235.png,1,0
521603,九屎一身,保密,10000,http://static.hdslb.com/images/member/noface.gif,1970-01-01 08:00:00,0,01-01,,2,-1,,0,0,bfs/space/768cc4fd97618cf589d23c2711a1d1a729f42235.png,1,0
521604,kalU,保密,10000,http://i0.hdslb.com/bfs/face/ba560bc65b0e1e5ab20849f64076c622eb0b7cda.jpg,1970-01-01 08:00:00,0,05-25,,1,-1,,0,0,bfs/space/768cc4fd97618cf589d23c2711a1d1a729f42235.png,1,0
521605,吸鱼的烟,保密,10000,http://i2.hdslb.com/bfs/face/ae940ff90e0346185e702965e2f1f6681cd1172b.jpg,1970-01-01 08:00:00,0,04-04,,4,-1,,1,1,bfs/space/768cc4fd97618cf589d23c2711a1d1a729f42235.png,1,0
521606,秾曦鞡羲,保密,10000,http://static.hdslb.com/images/member/noface.gif,1970-01-01 08:00:00,0,01-01,,5,-1,,1,0,bfs/space/768cc4fd97618cf589d23c2711a1d1a729f42235.png,1,0
521607,攻絮,男,10000,http://i0.hdslb.com/bfs/face/46bb9d1c58d9b0320c423f2562e1012f51ba7136.jpg,1970-01-01 08:00:00,0,02-09,,5,-1,,1,0,bfs/space/d60a4be11f1bca6168a60a53c64bca18eddd6443.jpg,2,0
521608,库库子,保密,10000,http://static.hdslb.com/images/member/noface.gif,1970-01-01 08:00:00,0,01-01,,1,-1,,0,0,bfs/space/768cc4fd97618cf589d23c2711a1d1a729f42235.png,1,0
521609,鼠辈竟敢伤我,男,10000,http://i1.hdslb.com/bfs/face/a1d7e10b3ab7321539d83200f65ddbe9c6c91309.jpg,1970-01-01 08:00:00,0,08-01,,5,-1,,2,1,bfs/space/c9dae917e24b4fc17c4d544caf6b6c0b17f8692b.jpg,3,0
521610,狂拽の小黄,男,10000,http://i0.hdslb.com/bfs/face/c93921a6b2d5e827301fc9f5b667edd7b204889f.jpg,1970-01-01 08:00:00,0,10-16,,5,-1,,2,1,bfs/space/768cc4fd97618cf589d23c2711a1d1a729f42235.png,1,0
521611,MissCD,女,10000,http://i0.hdslb.com/bfs/face/a4b815fbe785732fd2431f24328c322d3c072a24.gif,1970-01-01 08:00:00,0,01-01,玩游戏玩得不要不要的~,5,-1,,1,0,bfs/space/768cc4fd97618cf589d23c2711a1d1a729f42235.png,1,0
521612,右右卫门,保密,10000,http://i2.hdslb.com/bfs/face/fe5f9eadfc78d65fd2aeb03e2022b8318e1a2199.jpg,1970-01-01 08:00:00,0,01-01,,4,-1,,0,0,bfs/space/768cc4fd97618cf589d23c2711a1d1a729f42235.png,1,0
521613,床道授液解惑,男,10000,http://i1.hdslb.com/bfs/face/7ca1862264123c4b7f4b043307c9bcbea2201940.jpg,1970-01-01 08:00:00,0,08-11,,5,-1,,1,1,bfs/space/768cc4fd97618cf589d23c2711a1d1a729f42235.png,1,0
521614,临酱诶嘿嘿,保密,10000,http://i2.hdslb.com/bfs/face/55513c4bb8bd84ecaf8e464a79c152edcac1b7fd.jpg,1970-01-01 08:00:00,0,01-01,,5,-1,,1,0,bfs/space/768cc4fd97618cf589d23c2711a1d1a729f42235.png,1,0
521615,RedAchr,保密,10000,http://i0.hdslb.com/bfs/face/2978845d6d66b11b58410cb928bb642d38df5386.jpg,1970-01-01 08:00:00,0,11-21,,5,-1,,2,1,bfs/space/768cc4fd97618cf589d23c2711a1d1a729f42235.png,1,0
521616,鈴木梨央,保密,10000,http://i0.hdslb.com/bfs/face/3ebb6e95336a485eb4fc0a58d75bd9a8ef8c2aad.jpg,1970-01-01 08:00:00,0,12-05,,5,-1,,1,0,bfs/space/d60a4be11f1bca6168a60a53c64bca18eddd6443.jpg,2,0
521617,有节操的绅士,保密,10000,http://static.hdslb.com/images/member/noface.gif,1970-01-01 08:00:00,0,01-01,,1,-1,,0,0,bfs/space/768cc4fd97618cf589d23c2711a1d1a729f42235.png,1,0
521618,小笑笑晓萧,保密,10000,http://static.hdslb.com/images/member/noface.gif,1970-01-01 08:00:00,0,01-01,,1,-1,,0,0,bfs/space/768cc4fd97618cf589d23c2711a1d1a729f42235.png,1,0
521619,凌小路空,保密,10000,http://static.hdslb.com/images/member/noface.gif,1970-01-01 08:00:00,0,01-01,,1,-1,,0,0,bfs/space/768cc4fd97618cf589d23c2711a1d1a729f42235.png,1,0
521620,章鱼Zero,男,10000,http://i2.hdslb.com/bfs/face/8021a29cfaa1fe33022f62ec783b0bd27d248103.jpg,1970-01-01 08:00:00,0,11-11,,5,-1,,2,1,bfs/space/5fe2632486a5a91a234f0e7cb368ab6397477da4.jpg,5,0
521621,宝哥,男,10000,http://i1.hdslb.com/bfs/face/66c047f36c1bbb7bf1e39a20e2c4990b4e6b9c9c.jpg,1970-01-01 08:00:00,0,09-09,预告双人合奏The Hammer已在制作中 在下首可能是oor的c.h.a.o.s.m.y.t.h,5,-1,,0,0,bfs/space/768cc4fd97618cf589d23c2711a1d1a729f42235.png,1,0
521622,CAMUS,保密,10000,http://static.hdslb.com/images/member/noface.gif,1970-01-01 08:00:00,0,01-01,,3,-1,,0,0,bfs/space/768cc4fd97618cf589d23c2711a1d1a729f42235.png,1,0
521623,考古者,保密,10000,http://static.hdslb.com/images/member/noface.gif,1970-01-01 08:00:00,0,01-01,,1,-1,,0,0,bfs/space/768cc4fd97618cf589d23c2711a1d1a729f42235.png,1,0
521624,百合花开胜玫瑰,女,10000,http://i2.hdslb.com/bfs/face/341c586b9a8b26684eaaa2cbfa84c10638cb5615.gif,1970-01-01 08:00:00,0,06-17,坂田银时我喜欢你！,5,-1,,1,0,bfs/space/718eac8c71e29b8a80431c46110805c3a40e30a6.jpg,7,0
521625,kururi,保密,10000,http://static.hdslb.com/images/member/noface.gif,1970-01-01 08:00:00,0,01-01,,1,-1,,0,0,bfs/space/768cc4fd97618cf589d23c2711a1d1a729f42235.png,1,0
521626,訫哉烟,保密,10000,http://i2.hdslb.com/bfs/face/a8db52736a0c02631af45d5c34de89c49538bd27.jpg,1970-01-01 08:00:00,0,01-01,,2,-1,,0,0,bfs/space/768cc4fd97618cf589d23c2711a1d1a729f42235.png,1,0
521627,XP2333,男,10000,http://i2.hdslb.com/bfs/face/2690df7e12e0040aba20c4548403dcb9d82c6cc4.jpg,1970-01-01 08:00:00,0,03-01,,3,-1,,0,0,bfs/space/768cc4fd97618cf589d23c2711a1d1a729f42235.png,1,0
521628,enyacat,保密,10000,http://static.hdslb.com/images/member/noface.gif,1970-01-01 08:00:00,0,01-01,,3,-1,,0,0,bfs/space/768cc4fd97618cf589d23c2711a1d1a729f42235.png,1,0
521629,拖出去毙了,男,10000,http://i2.hdslb.com/bfs/face/ae56120593d6b8f5761755b50a4cf109ec6beb21.jpg,1970-01-01 08:00:00,0,04-10,曲包https://pan.baidu.com/s/1dFxLIUX少年郎血气方刚，意气风流藏胸膛,5,-1,,0,0,bfs/space/768cc4fd97618cf589d23c2711a1d1a729f42235.png,1,0
521630,超高校级の怨念,保密,10000,http://i2.hdslb.com/bfs/face/017317ac45fae82d65f37aa418e7dc0342ebe73a.jpg,1970-01-01 08:00:00,0,08-06,潜水党，潜水，潜……………………淹死了,5,-1,,2,1,bfs/space/b567e15d4e5ddf49cb4ba4d8e66335aace357c94.png,69909,0
521631,昧猫Neko,保密,10000,http://i1.hdslb.com/bfs/face/47a88e88ded9c5aed190b40ad45574fcf1bbb9df.jpg,1970-01-01 08:00:00,0,11-07,半个欧美控|略变态深度腐|主角总受党|逆CP死一户|cos仅自娱|天蝎的斯莱特林一直在努力|爱画画的小透明渣渣渣,2,-1,,0,0,bfs/space/768cc4fd97618cf589d23c2711a1d1a729f42235.png,1,0
521632,渣渣渣渣渣渣,保密,10000,http://i0.hdslb.com/bfs/face/9947779870c227811b6642de6bf8a3771ead6db3.jpg,1970-01-01 08:00:00,0,01-01,,5,-1,,0,0,bfs/space/768cc4fd97618cf589d23c2711a1d1a729f42235.png,1,0
521633,嗨呀小孟仙儿,保密,10000,http://i0.hdslb.com/bfs/face/225c8bec715fbe178c635f9feb6a9726681f0d23.jpg,1970-01-01 08:00:00,0,01-01,wwwwww约会大好,5,-1,,1,1,bfs/space/dc02d22a718c1c436f1a355b3cd726b04098ef7d.jpg,6,0
521634,融化小冰,保密,10000,http://i0.hdslb.com/bfs/face/bb30d362de8ed6a24f3ce07b853254c3147bccc1.jpg,1970-01-01 08:00:00,0,01-23,"
一枚真正喜欢B站的单身狗。",5,-1,,1,0,bfs/space/aea2dd7b8894ce31d578d4fad6a7188c7b49cb2f.jpg,15,0
521635,rac,保密,10000,http://static.hdslb.com/images/member/noface.gif,1970-01-01 08:00:00,0,01-01,,1,-1,,0,0,bfs/space/768cc4fd97618cf589d23c2711a1d1a729f42235.png,1,0
521636,Voodoo Newton,保密,10000,http://i1.hdslb.com/bfs/face/2b85126e0e5864e5641a63c23789e911f7a6879f.jpg,1970-01-01 08:00:00,0,01-01,,1,-1,,0,0,bfs/space/768cc4fd97618cf589d23c2711a1d1a729f42235.png,1,0
521637,磊丶磊,保密,10000,http://static.hdslb.com/images/member/noface.gif,1970-01-01 08:00:00,0,01-01,,4,-1,,0,0,bfs/space/768cc4fd97618cf589d23c2711a1d1a729f42235.png,1,0
521638,梁小二,保密,10000,http://static.hdslb.com/images/member/noface.gif,1970-01-01 08:00:00,0,01-01,,4,-1,,0,0,bfs/space/768cc4fd97618cf589d23c2711a1d1a729f42235.png,1,0
521639,neet的毛玉,保密,10000,http://i1.hdslb.com/bfs/face/c3ef04ba6c267c41067cd7708b7abd60c0c5c49f.jpg,1970-01-01 08:00:00,0,01-24,,3,-1,,2,1,bfs/space/768cc4fd97618cf589d23c2711a1d1a729f42235.png,1,0
521641,爱菊的老菊头,保密,10000,http://i2.hdslb.com/bfs/face/9bcf431e2ecf0a579eab88a0536b68865fa601f3.jpg,1970-01-01 08:00:00,0,01-01,大屁股裂了尼玛死,5,-1,,2,1,bfs/space/c9dae917e24b4fc17c4d544caf6b6c0b17f8692b.jpg,3,0
521642,zhongtanfg79892,保密,10000,http://static.hdslb.com/images/member/noface.gif,1970-01-01 08:00:00,0,01-01,,4,-1,,0,0,bfs/space/768cc4fd97618cf589d23c2711a1d1a729f42235.png,1,0
521643,真是的灬华,保密,10000,http://i1.hdslb.com/bfs/face/4eaa055ad38cb4b9136ac573d94e4a27ab2a7b0a.jpg,1970-01-01 08:00:00,0,04-17,,2,-1,,0,0,bfs/space/768cc4fd97618cf589d23c2711a1d1a729f42235.png,1,0
521644,全罗,保密,10000,http://i0.hdslb.com/bfs/face/fdec85a9a468467952c4c5eece1af0d8ce371306.jpg,1970-01-01 08:00:00,0,01-01,,2,-1,,0,0,bfs/space/768cc4fd97618cf589d23c2711a1d1a729f42235.png,1,0
521645,长翅膀的笨猪,保密,10000,http://static.hdslb.com/images/member/noface.gif,1970-01-01 08:00:00,0,01-01,,1,-1,,0,0,bfs/space/768cc4fd97618cf589d23c2711a1d1a729f42235.png,1,0
521646,ringo1811,女,10000,http://i1.hdslb.com/bfs/face/ba212baad61a93ed5349a3b86c4332cf591bed71.jpg,1970-01-01 08:00:00,0,03-14,,4,-1,,2,1,bfs/space/768cc4fd97618cf589d23c2711a1d1a729f42235.png,1,0
521648,阿伞的小面,保密,10000,http://static.hdslb.com/images/member/noface.gif,1970-01-01 08:00:00,0,01-01,,2,-1,,0,0,bfs/space/768cc4fd97618cf589d23c2711a1d1a729f42235.png,1,0
521649,沧月,保密,10000,http://i0.hdslb.com/bfs/face/23d4c2d10747cb2237989c4d3d49f379de5fa183.jpg,1970-01-01 08:00:00,0,12-31,凌空一点，见证吐槽的力量~,1,-1,,0,0,bfs/space/768cc4fd97618cf589d23c2711a1d1a729f42235.png,1,0
521650,feiyuan10086,保密,10000,http://i1.hdslb.com/bfs/face/ea1643524fa8a85fbcd19a4cfb3087ec8f195baa.jpg,1970-01-01 08:00:00,0,02-03,,5,-1,,0,0,bfs/space/768cc4fd97618cf589d23c2711a1d1a729f42235.png,1,0
521651,颠覆流年丶,男,10000,http://i1.hdslb.com/bfs/face/84d0eee104ab82b412d13b9480eaf848c7aa53b4.jpg,1970-01-01 08:00:00,0,04-03,,5,-1,,1,0,bfs/space/768cc4fd97618cf589d23c2711a1d1a729f42235.png,1,0
521652,12dora的后颈肉,男,10000,http://i1.hdslb.com/bfs/face/4578c9e42710334765d9eb9403ad7321d1ea33d7.jpg,1970-01-01 08:00:00,0,01-01,,2,-1,,0,0,bfs/space/768cc4fd97618cf589d23c2711a1d1a729f42235.png,1,0
521653,yiku~,保密,10000,http://static.hdslb.com/images/member/noface.gif,1970-01-01 08:00:00,0,01-01,,1,-1,,0,0,bfs/space/768cc4fd97618cf589d23c2711a1d1a729f42235.png,1,0
521654,爱吃饭的白萝卜,男,10000,http://i1.hdslb.com/bfs/face/e504c07dee3cb21396e6ba4d1daa06b02f24a3ea.jpg,1970-01-01 08:00:00,0,01-01,    为什么哭着吃饭的人会很好,5,-1,,2,1,bfs/space/d60a4be11f1bca6168a60a53c64bca18eddd6443.jpg,2,0
521655,神之小册子,保密,10000,http://i1.hdslb.com/bfs/face/777a31489f098bd35bbf7b756f961efc3646a6ee.jpg,1970-01-01 08:00:00,0,09-30,,4,-1,,0,0,bfs/space/768cc4fd97618cf589d23c2711a1d1a729f42235.png,1,0
521656,水恋,保密,10000,http://i2.hdslb.com/bfs/face/d22261802ce81780c1b41a5706f8b648fc8cefd1.jpg,1970-01-01 08:00:00,0,01-01,,5,-1,,1,0,bfs/space/768cc4fd97618cf589d23c2711a1d1a729f42235.png,1,0
521657,铁加曼巨棍,保密,10000,http://i2.hdslb.com/bfs/face/83616be532c39a3dd3171b0b7c765e97fed4136f.jpg,1970-01-01 08:00:00,0,01-01,利刃的菊花早晚是我的！,1,-1,,0,0,bfs/space/768cc4fd97618cf589d23c2711a1d1a729f42235.png,1,0
521658,Shano丶,保密,10000,http://i1.hdslb.com/bfs/face/135db928b820ce6686e7d9c808aaa59a157efafd.jpg,1970-01-01 08:00:00,0,05-29,,5,-1,,2,1,bfs/space/184abe52a5ea9390b506c064cfba4f8f20ae9cca.jpg,13,0
521659,你把我名字没收了,男,10000,http://i1.hdslb.com/bfs/face/ba90adbe17c02f794cf8ad3bd4bfb11c3adbab21.jpg,1970-01-01 08:00:00,0,03-26,研表究明，汉字序顺并不定一影阅响读。比如当你看完这句话后，才发这现里的字全是都乱的,4,-1,,0,0,bfs/space/1f4eaf70d1bb981f6057b3e440249d7a1f65774f.jpg,4,0
521660,小海狸中队,保密,10000,http://i2.hdslb.com/bfs/face/1d0b663cfcdf3f6892b7fcbb7cd013f6874eb1f0.jpg,1970-01-01 08:00:00,0,05-04,,5,-1,,2,1,bfs/space/768cc4fd97618cf589d23c2711a1d1a729f42235.png,1,0
521661,RainyTone,男,10000,http://i1.hdslb.com/bfs/face/d05eb84fa8b384438d822b5a593b8c75785e112a.jpg,1970-01-01 08:00:00,0,01-01,"ただ一つだけ神様 
R叔试水",4,-1,,0,0,bfs/space/768cc4fd97618cf589d23c2711a1d1a729f42235.png,1,0
521662,末世の鬼徒,男,10000,http://i0.hdslb.com/bfs/face/9224ab3e092ab8533b2cd6f838f4d3fd16a34f12.jpg,1970-01-01 08:00:00,0,12-28,,4,-1,,2,1,bfs/space/768cc4fd97618cf589d23c2711a1d1a729f42235.png,1,0
521663,想睡,保密,10000,http://static.hdslb.com/images/member/noface.gif,1970-01-01 08:00:00,0,01-01,,1,-1,,0,0,bfs/space/768cc4fd97618cf589d23c2711a1d1a729f42235.png,1,0
521664,hpy,男,10000,http://i0.hdslb.com/bfs/face/2ce6ce06436a170fd25bf4ee539edbf4e3d5316c.jpg,1970-01-01 08:00:00,0,03-27,En taro Tassadar,5,-1,,2,1,bfs/space/768cc4fd97618cf589d23c2711a1d1a729f42235.png,1,0
521665,存在抹消,保密,10000,http://i1.hdslb.com/bfs/face/3022122e51aec982ef77730868951dd1ca6c2f6c.jpg,1970-01-01 08:00:00,0,08-04,,4,-1,,0,0,bfs/space/768cc4fd97618cf589d23c2711a1d1a729f42235.png,1,0
521666,同学你的节操,保密,10000,http://i0.hdslb.com/bfs/face/be8197b97d4810c225b818807b08986768453703.jpg,1970-01-01 08:00:00,0,01-01,,4,-1,,0,0,bfs/space/768cc4fd97618cf589d23c2711a1d1a729f42235.png,1,0
521667,Super7丶,保密,10000,http://i2.hdslb.com/bfs/face/0321239585fb41eae4cd425e2ad5822fdceb6ee6.jpg,1970-01-01 08:00:00,0,06-19,,5,-1,,1,0,bfs/space/768cc4fd97618cf589d23c2711a1d1a729f42235.png,1,0
521668,彡道杠骚年,男,10000,http://i0.hdslb.com/bfs/face/03e1124ecd180925534db78b5d480f5cc9e9ae8f.jpg,1970-01-01 08:00:00,0,08-16,,5,-1,,1,1,bfs/space/768cc4fd97618cf589d23c2711a1d1a729f42235.png,1,0
521669,狐狸丸子,女,10000,http://i0.hdslb.com/bfs/face/84c15e4f0b56e0b4a64bd557a64d4eb16fc50d6d.jpg,1970-01-01 08:00:00,0,04-30,,3,-1,,0,0,bfs/space/768cc4fd97618cf589d23c2711a1d1a729f42235.png,1,0
521670,二黑狼,男,10000,http://static.hdslb.com/images/member/noface.gif,1970-01-01 08:00:00,0,09-24,,5,-1,,2,1,bfs/space/dc02d22a718c1c436f1a355b3cd726b04098ef7d.jpg,6,0
521671,hpp,保密,10000,http://static.hdslb.com/images/member/noface.gif,1970-01-01 08:00:00,0,01-01,,5,-1,,1,0,bfs/space/768cc4fd97618cf589d23c2711a1d1a729f42235.png,1,0
521672,无悔世界,保密,10000,http://i0.hdslb.com/bfs/face/975c416bb0415aaf29c2813cfa319d103cbd1685.jpg,1970-01-01 08:00:00,0,01-01,,5,-1,,0,0,bfs/space/768cc4fd97618cf589d23c2711a1d1a729f42235.png,1,0
521673,唐门广场npc,保密,10000,http://i2.hdslb.com/bfs/face/27119690f748cadd46a4cec611aa6588e88e989f.jpg,1970-01-01 08:00:00,0,01-01,微博：http://weibo.com/huanghuadaze/home?topnav=1&amp;wvr=5#_rnd1412269654177  ,5,-1,,1,0,bfs/space/dc02d22a718c1c436f1a355b3cd726b04098ef7d.jpg,6,0
521675,一块滑溜溜的肥皂,男,10000,http://static.hdslb.com/images/member/noface.gif,1970-01-01 08:00:00,0,01-01,,2,-1,,0,0,bfs/space/768cc4fd97618cf589d23c2711a1d1a729f42235.png,1,0
521676,Gin3715,男,10000,http://i0.hdslb.com/bfs/face/9488b865d319ddf07ebfc9cdc0b8e18848bb34da.png,1970-01-01 08:00:00,0,01-01,,5,-1,,2,1,bfs/space/768cc4fd97618cf589d23c2711a1d1a729f42235.png,1,0
521678,环酱单推,保密,10000,http://i0.hdslb.com/bfs/face/29609e537e27d26e603145b114ffd31c62175b20.jpg,1970-01-01 08:00:00,0,06-02,,5,-1,,1,1,bfs/space/768cc4fd97618cf589d23c2711a1d1a729f42235.png,1,0
521679,汪伯,保密,10000,http://static.hdslb.com/images/member/noface.gif,1970-01-01 08:00:00,0,01-01,,4,-1,,0,0,bfs/space/768cc4fd97618cf589d23c2711a1d1a729f42235.png,1,0
521680,Will.me,保密,10000,http://static.hdslb.com/images/member/noface.gif,1970-01-01 08:00:00,0,01-01,,4,-1,,0,0,bfs/space/768cc4fd97618cf589d23c2711a1d1a729f42235.png,1,0
521681,孤帆渐远,保密,10000,http://i2.hdslb.com/bfs/face/3c1b1d94122911fa15686e543c0f87bcea814a72.jpg,1970-01-01 08:00:00,0,10-09,,5,-1,,1,1,bfs/space/f9e9bf165029abaa24906fdc9fe45cf28aa73f50.jpg,8,0
521682,Neko~喵,保密,10000,http://i0.hdslb.com/bfs/face/3cf1e01816683a5b28a73e20294b0801feb3abdf.jpg,1970-01-01 08:00:00,0,11-06,,4,-1,,0,0,bfs/space/768cc4fd97618cf589d23c2711a1d1a729f42235.png,1,0
521683,Menluk,保密,10000,http://i2.hdslb.com/bfs/face/f9ddeed183ed560cffedc0a42c2b1f77a7950320.jpg,1970-01-01 08:00:00,0,01-07,咸鱼诈尸阿婆主,2,-1,,0,0,bfs/space/768cc4fd97618cf589d23c2711a1d1a729f42235.png,1,0
521684,ethyne,保密,10000,http://i1.hdslb.com/bfs/face/b3b184f19d85c98fac8c97f5293ac2a2a5c3d45e.jpg,1970-01-01 08:00:00,0,01-10,,3,-1,,1,0,bfs/space/768cc4fd97618cf589d23c2711a1d1a729f42235.png,1,0
521685,迎风脱衣,保密,10000,http://static.hdslb.com/images/member/noface.gif,1970-01-01 08:00:00,0,01-01,,1,-1,,0,0,bfs/space/768cc4fd97618cf589d23c2711a1d1a729f42235.png,1,0
521686,小苍妹子,保密,10000,http://i1.hdslb.com/bfs/face/6310d36100307949e0942bf767fa6ffb508051c5.jpg,1970-01-01 08:00:00,0,06-08,(❀ฺ´∀`❀ฺ)ﾉ我就是爱卖蠢，别叫我停下来!,5,-1,,1,0,bfs/space/768cc4fd97618cf589d23c2711a1d1a729f42235.png,1,0
521687,伊卡洛斯op,保密,10000,http://static.hdslb.com/images/member/noface.gif,1970-01-01 08:00:00,0,01-01,,1,-1,,0,0,bfs/space/768cc4fd97618cf589d23c2711a1d1a729f42235.png,1,0
521688,黑R★S岩,保密,10000,http://i1.hdslb.com/bfs/face/2b61db79ee01afbb4b9c866270b83ca7b259c910.jpg,1970-01-01 08:00:00,0,06-29,*******,5,-1,,2,1,bfs/space/768cc4fd97618cf589d23c2711a1d1a729f42235.png,1,0
521689,夏日香气,保密,10000,http://i1.hdslb.com/bfs/face/5e400838888f1ad8c23ea5d43d38816ff0b15900.jpg,1970-01-01 08:00:00,0,01-01,,1,-1,,0,0,bfs/space/768cc4fd97618cf589d23c2711a1d1a729f42235.png,1,0
521690,蠢渣渣阿板,保密,10000,http://static.hdslb.com/images/member/noface.gif,1970-01-01 08:00:00,0,01-01,,1,-1,,0,0,bfs/space/768cc4fd97618cf589d23c2711a1d1a729f42235.png,1,0
521691,Namidairo,男,10000,http://i1.hdslb.com/bfs/face/7212bcf9b474e7bf4c42075dc46891e2c3b86517.jpg,1970-01-01 08:00:00,0,08-17,听说有个绅♂士专门喜欢看别人的签名,5,-1,,2,1,bfs/space/1f4eaf70d1bb981f6057b3e440249d7a1f65774f.jpg,4,0
521692,Vanguard Sound,保密,10000,http://i1.hdslb.com/bfs/face/451a625e521afb7df0603cf0fc7aae617723284c.jpg,1970-01-01 08:00:00,0,01-01,,1,-1,,0,0,bfs/space/768cc4fd97618cf589d23c2711a1d1a729f42235.png,1,0
521693,七仙女坐台,保密,10000,http://static.hdslb.com/images/member/noface.gif,1970-01-01 08:00:00,0,01-01,,2,-1,,0,0,bfs/space/768cc4fd97618cf589d23c2711a1d1a729f42235.png,1,0
521694,梦醒远山,保密,10000,http://static.hdslb.com/images/member/noface.gif,1970-01-01 08:00:00,0,01-01,,1,-1,,0,0,bfs/space/768cc4fd97618cf589d23c2711a1d1a729f42235.png,1,0
521695,筠雨梦ギリギリeye,男,10000,http://i1.hdslb.com/bfs/face/b65e3b05dd8315ca2208364bcf59acbcfc4a014d.jpg,1970-01-01 08:00:00,0,08-08,不想开学啊！！,5,-1,,1,0,bfs/space/c9dae917e24b4fc17c4d544caf6b6c0b17f8692b.jpg,3,0
521696,一只大熊喵,保密,10000,http://static.hdslb.com/images/member/noface.gif,1970-01-01 08:00:00,0,01-01,,2,-1,,0,0,bfs/space/768cc4fd97618cf589d23c2711a1d1a729f42235.png,1,0
521697,Manakanemu,男,10000,http://i0.hdslb.com/bfs/face/08c4e51ff66a4007ed01847642bfbe96510c0187.jpg,1970-01-01 08:00:00,0,04-25,,5,-1,,2,1,bfs/space/768cc4fd97618cf589d23c2711a1d1a729f42235.png,1,0
521698,神降天绝,保密,10000,http://static.hdslb.com/images/member/noface.gif,1970-01-01 08:00:00,0,01-01,,2,-1,,0,0,bfs/space/768cc4fd97618cf589d23c2711a1d1a729f42235.png,1,0
521699,高鴨穩乃,保密,10000,http://i2.hdslb.com/bfs/face/f00f3447bfb5484fb281433cef66d4fff75e8ffd.jpg,1970-01-01 08:00:00,0,01-01,,2,-1,,0,0,bfs/space/768cc4fd97618cf589d23c2711a1d1a729f42235.png,1,0
521700,安502,保密,10000,http://static.hdslb.com/images/member/noface.gif,1970-01-01 08:00:00,0,01-01,,1,-1,,0,0,bfs/space/768cc4fd97618cf589d23c2711a1d1a729f42235.png,1,0
521701,花火、花火,男,10000,http://i1.hdslb.com/bfs/face/2c1abc903bc51e67ab412af3906032d5f970f72c.jpg,1970-01-01 08:00:00,0,05-14,,5,-1,,1,0,bfs/space/768cc4fd97618cf589d23c2711a1d1a729f42235.png,1,0
521702,某天朝的中二少年,男,10000,http://i0.hdslb.com/bfs/face/09d98200c746c26efb7a2ee8a394876c272ff714.jpg,1970-01-01 08:00:00,0,01-05,伊坂幸太郎NaoCan粉！,5,-1,,2,1,bfs/space/768cc4fd97618cf589d23c2711a1d1a729f42235.png,1,0
521703,弄光的学弟,保密,10000,http://i2.hdslb.com/bfs/face/bb98f876f7c32adf22175ee9eeb446b354d4b610.jpg,1970-01-01 08:00:00,0,03-25,今生无悔入东方，来世愿生幻想乡,4,-1,,1,0,bfs/space/768cc4fd97618cf589d23c2711a1d1a729f42235.png,1,0
521704,Neco-Arc Chaos,保密,10000,http://i0.hdslb.com/bfs/face/883c38b007265dbee04f2cca653c4105dc08dd93.jpg,1970-01-01 08:00:00,0,01-01,,5,-1,,2,1,bfs/space/768cc4fd97618cf589d23c2711a1d1a729f42235.png,1,0
521705,`-`,保密,10000,http://static.hdslb.com/images/member/noface.gif,1970-01-01 08:00:00,0,01-01,,1,-1,,0,0,bfs/space/768cc4fd97618cf589d23c2711a1d1a729f42235.png,1,0
521706,丶SkY丶,保密,10000,http://i0.hdslb.com/bfs/face/7fe0732d0012ceff6be06312847b92a6e916183e.jpg,1970-01-01 08:00:00,0,03-04,命里有时终须有，命里无时莫强求。,5,-1,,2,1,bfs/space/768cc4fd97618cf589d23c2711a1d1a729f42235.png,1,0
521707,iMan,保密,10000,http://i0.hdslb.com/bfs/face/d21d9b95c557f2e887d8d72feeec624bc25d52a9.jpg,1970-01-01 08:00:00,0,01-01,,4,-1,,1,1,bfs/space/768cc4fd97618cf589d23c2711a1d1a729f42235.png,1,0
521708,Vannisa,保密,10000,http://i0.hdslb.com/bfs/face/f745d1c560beb9c210dc1635d1bb4f2246fe5a1c.jpg,1970-01-01 08:00:00,0,01-01,葛优是底线(❁´ω`❁)喜欢葛大爷！！！喜欢喜欢喜欢！！一定要在有生之年投一次葛大爷的鬼畜视屏搞！！！,5,-1,,1,0,bfs/space/768cc4fd97618cf589d23c2711a1d1a729f42235.png,1,0
521709,笹瀬川 佐々美,保密,10000,http://i0.hdslb.com/bfs/face/e80e8819adcaa264c0761fa753e3c159fb30f7a1.jpg,1970-01-01 08:00:00,0,01-01,,1,-1,,0,0,bfs/space/768cc4fd97618cf589d23c2711a1d1a729f42235.png,1,0
521711,lolikoo,男,10000,http://i2.hdslb.com/bfs/face/be940f351a268dc8ec6302498c48eac1dffd88b7.jpg,1970-01-01 08:00:00,0,06-09,我该如何拯救中二病？,5,-1,,2,1,bfs/space/768cc4fd97618cf589d23c2711a1d1a729f42235.png,1,0
521712,灰色彼得潘,男,10000,http://i2.hdslb.com/bfs/face/1e56154f6c54e298a0db704e64f3fcda83de2ff3.jpg,1970-01-01 08:00:00,0,01-04,,5,-1,,2,1,bfs/space/768cc4fd97618cf589d23c2711a1d1a729f42235.png,1,0
521713,再不吃盒饭,保密,10000,http://i2.hdslb.com/bfs/face/58bfc8fa2261fc3715c604891c76be4e9485d213.jpg,1970-01-01 08:00:00,0,01-01,,5,-1,,1,0,bfs/space/768cc4fd97618cf589d23c2711a1d1a729f42235.png,1,0
521715,明日世界终结,保密,10000,http://i1.hdslb.com/bfs/face/0b10e26b2220e8f062baab8c1427edb94026a12f.jpg,1970-01-01 08:00:00,0,01-01,"Day and night！
",1,-1,,0,0,bfs/space/768cc4fd97618cf589d23c2711a1d1a729f42235.png,1,0
521716,Mashu,男,10000,http://i2.hdslb.com/bfs/face/048d7f3b4200a9e45ac082c63fb974505e293052.jpg,1970-01-01 08:00:00,0,02-28,新浪微博：http://weibo.com/findexy,4,-1,,1,1,bfs/space/768cc4fd97618cf589d23c2711a1d1a729f42235.png,1,0
521717,Hana·Ksilta,保密,10000,http://i0.hdslb.com/bfs/face/11aa740656bae0b44085a836a90f8c14eef384ba.jpg,1970-01-01 08:00:00,0,01-01,,5,-1,,1,0,bfs/space/768cc4fd97618cf589d23c2711a1d1a729f42235.png,1,0
521719,darketer,男,10000,http://i2.hdslb.com/bfs/face/d7b0edfbbd8683db29efa1ac8eea50fcdaa0d12b.jpg,1970-01-01 08:00:00,0,01-01,,5,-1,,1,0,bfs/space/c9dae917e24b4fc17c4d544caf6b6c0b17f8692b.jpg,3,0
521720,qinying0314,保密,10000,http://static.hdslb.com/images/member/noface.gif,1970-01-01 08:00:00,0,01-01,,2,-1,,0,0,bfs/space/768cc4fd97618cf589d23c2711a1d1a729f42235.png,1,0
521721,B棠仔,保密,10000,http://static.hdslb.com/images/member/noface.gif,1970-01-01 08:00:00,0,01-01,,3,-1,,0,0,bfs/space/768cc4fd97618cf589d23c2711a1d1a729f42235.png,1,0
521722,zhxws,保密,10000,http://i2.hdslb.com/bfs/face/01fbed19730588aa409f9c4cfecb0d3a28bbe4c8.jpg,1970-01-01 08:00:00,0,01-01,,5,-1,,1,0,bfs/space/768cc4fd97618cf589d23c2711a1d1a729f42235.png,1,0
521723,玺天落雨,保密,10000,http://i1.hdslb.com/bfs/face/870c1fe9bcd3f5f1f1e739460e7d443c26f6e9b7.jpg,1970-01-01 08:00:00,0,08-15,微博@Msaw·TL,4,-1,,1,0,bfs/space/768cc4fd97618cf589d23c2711a1d1a729f42235.png,1,0
521724,273,保密,10000,http://static.hdslb.com/images/member/noface.gif,1970-01-01 08:00:00,0,01-01,,1,-1,,0,0,bfs/space/768cc4fd97618cf589d23c2711a1d1a729f42235.png,1,0
521725,吾の哲♂学,保密,10000,http://static.hdslb.com/images/member/noface.gif,1970-01-01 08:00:00,0,01-01,,1,-1,,0,0,bfs/space/768cc4fd97618cf589d23c2711a1d1a729f42235.png,1,0
521726,最后的绅士,保密,10000,http://i1.hdslb.com/bfs/face/8ceb7a386691e206e925d8b512ead1d325f061e7.jpg,1970-01-01 08:00:00,0,01-01,,1,-1,,0,0,bfs/space/768cc4fd97618cf589d23c2711a1d1a729f42235.png,1,0
521728,moguri,保密,10000,http://static.hdslb.com/images/member/noface.gif,1970-01-01 08:00:00,0,06-08,,5,-1,,2,1,bfs/space/768cc4fd97618cf589d23c2711a1d1a729f42235.png,1,0
521729,贵妃出狱,保密,10000,http://static.hdslb.com/images/member/noface.gif,1970-01-01 08:00:00,0,01-01,,2,-1,,0,0,bfs/space/768cc4fd97618cf589d23c2711a1d1a729f42235.png,1,0
521730,地上有只大雁,保密,10000,http://i2.hdslb.com/bfs/face/af195a556c71adf68546cab501d1431c6f8fbea3.jpg,1970-01-01 08:00:00,0,04-07,岩壁之花,4,-1,,0,0,bfs/space/768cc4fd97618cf589d23c2711a1d1a729f42235.png,1,0
521731,陆玖,保密,10000,http://static.hdslb.com/images/member/noface.gif,1970-01-01 08:00:00,0,01-01,,1,-1,,0,0,bfs/space/768cc4fd97618cf589d23c2711a1d1a729f42235.png,1,0
521732,KAMINOKOE,男,10000,http://i1.hdslb.com/bfs/face/36f6c927bd7e128e55d85b0a94732b3dfb3d7b96.jpg,1970-01-01 08:00:00,0,07-31,,5,-1,,2,1,bfs/space/768cc4fd97618cf589d23c2711a1d1a729f42235.png,1,0
521733,尛 雨,保密,10000,http://i2.hdslb.com/bfs/face/976ad28c796a185bab3e314a2509338ecd7d5062.jpg,1970-01-01 08:00:00,0,03-27,,5,-1,,2,1,bfs/space/c9dae917e24b4fc17c4d544caf6b6c0b17f8692b.jpg,3,0
521734,爱染健十,男,10000,http://i0.hdslb.com/bfs/face/659ccc1c74e6963ce22f319822b12295aa097e72.jpg,1970-01-01 08:00:00,0,07-06,很喜欢你,5,-1,,1,0,bfs/space/768cc4fd97618cf589d23c2711a1d1a729f42235.png,1,0
521738,锁阳,保密,10000,http://i1.hdslb.com/bfs/face/545b139e673321435ccc856c6610a4f2d85151b9.jpg,1970-01-01 08:00:00,0,03-01,,1,-1,,0,0,bfs/space/768cc4fd97618cf589d23c2711a1d1a729f42235.png,1,0
521739,dirae,保密,10000,http://i1.hdslb.com/bfs/face/e6f2c0f269330ce6d6279bf698dfd533d5a28848.jpg,1970-01-01 08:00:00,0,01-01,,5,-1,,1,1,bfs/space/768cc4fd97618cf589d23c2711a1d1a729f42235.png,1,0
521740,某鲍,保密,10000,http://i0.hdslb.com/bfs/face/85d81847d332533d95f9821f0553610373cc3d0e.gif,1970-01-01 08:00:00,0,01-01,,1,-1,,0,0,bfs/space/768cc4fd97618cf589d23c2711a1d1a729f42235.png,1,0
521741,俯瞰風景,男,10000,http://i1.hdslb.com/bfs/face/cf7466605a04ade01af4c5873742b767ab730eb1.jpg,1970-01-01 08:00:00,0,06-21,。,5,-1,,0,0,bfs/space/768cc4fd97618cf589d23c2711a1d1a729f42235.png,1,0
521742,蓝月L风,保密,10000,http://i1.hdslb.com/bfs/face/2cefa8a0bc92473dc16d174c557d8769e04d3907.jpg,1970-01-01 08:00:00,0,01-01,,4,-1,,0,0,bfs/space/768cc4fd97618cf589d23c2711a1d1a729f42235.png,1,0
521743,wavicy,男,10000,http://i0.hdslb.com/bfs/face/6791f26f9050d5ca8d772ca29fb29ea75d55f67f.jpg,1970-01-01 08:00:00,0,01-01,,5,-1,,0,0,bfs/space/768cc4fd97618cf589d23c2711a1d1a729f42235.png,1,0
521744,廿六一,保密,10000,http://i1.hdslb.com/bfs/face/c7549558b35e31c2f46a2f05f2be8c9082957479.jpg,1970-01-01 08:00:00,0,01-01,,5,-1,,2,1,bfs/space/768cc4fd97618cf589d23c2711a1d1a729f42235.png,1,0
521745,睡不着的洋葱,保密,10000,http://i0.hdslb.com/bfs/face/26321251b0b5aab961a9fe4c85433099dca32efb.jpg,1970-01-01 08:00:00,0,09-07,思想发出声音，灵魂才能共鸣。             微博@睡不着的洋葱君,5,-1,,1,0,bfs/space/c9dae917e24b4fc17c4d544caf6b6c0b17f8692b.jpg,3,0
521747,魏神马,保密,10000,http://static.hdslb.com/images/member/noface.gif,1970-01-01 08:00:00,0,01-01,,2,-1,,0,0,bfs/space/768cc4fd97618cf589d23c2711a1d1a729f42235.png,1,0
521748,啦啦啦丶啦啦啦,保密,10000,http://i2.hdslb.com/bfs/face/cdc13c402b222342ecc29f48c410fe0ee24b9844.jpg,1970-01-01 08:00:00,0,12-01,哈哈哈丶哈哈哈,6,-1,,2,1,bfs/space/ef1b08e62fdc35b06e39795bc6de8e510935bf97.jpg,9,0
521749,ななななみん,女,10000,http://i2.hdslb.com/bfs/face/4d95358c834d648779ad2e36a37238335df8b397.jpg,1970-01-01 08:00:00,0,04-08,永远守护北海道的绿色妖精,5,-1,,1,0,bfs/space/768cc4fd97618cf589d23c2711a1d1a729f42235.png,1,0
521750,逝雾_,保密,10000,http://i2.hdslb.com/bfs/face/a92e65f191d5d6adf282b24625dc92eaca2f6383.jpg,1970-01-01 08:00:00,0,01-01,⁄(⁄ ⁄ ⁄ω⁄ ⁄ ⁄)⁄,5,-1,,2,1,bfs/space/d60a4be11f1bca6168a60a53c64bca18eddd6443.jpg,2,0
521751,J小柯,保密,10000,http://static.hdslb.com/images/member/noface.gif,1970-01-01 08:00:00,0,01-01,,2,-1,,0,0,bfs/space/768cc4fd97618cf589d23c2711a1d1a729f42235.png,1,0
521752,saonian9,保密,10000,http://i2.hdslb.com/bfs/face/eba592f359acbf44985595d5a415422c6d8ba05e.jpg,1970-01-01 08:00:00,0,01-01,,1,-1,,0,0,bfs/space/768cc4fd97618cf589d23c2711a1d1a729f42235.png,1,0
521753,渡边曜厨,男,10000,http://i0.hdslb.com/bfs/face/ad818a85d19f5da07cc76e8fa6d562684fea2946.jpg,1970-01-01 08:00:00,0,01-01,我哪知道,5,-1,,2,1,bfs/space/768cc4fd97618cf589d23c2711a1d1a729f42235.png,1,0
521754,FU哲学CK,保密,10000,http://static.hdslb.com/images/member/noface.gif,1970-01-01 08:00:00,0,01-01,,1,-1,,0,0,bfs/space/768cc4fd97618cf589d23c2711a1d1a729f42235.png,1,0
521755,徛乂丶,保密,10000,http://i2.hdslb.com/bfs/face/7bb076b7565d46ba1e7f03f2ffc1fb869db71fdc.jpg,1970-01-01 08:00:00,0,12-21,,5,-1,,2,1,bfs/space/dc02d22a718c1c436f1a355b3cd726b04098ef7d.jpg,6,0
521756,纳梓,保密,10000,http://i2.hdslb.com/bfs/face/ae478614892e0e1a6f6dda97d0eb1ebc6ac51b17.jpg,1970-01-01 08:00:00,0,01-01,,1,-1,,0,0,bfs/space/768cc4fd97618cf589d23c2711a1d1a729f42235.png,1,0
521757,Forsty,保密,10000,http://i0.hdslb.com/bfs/face/0602741cb0191e9d4bf393e4dc8cb62a0716f443.jpg,1970-01-01 08:00:00,0,01-01,,1,-1,,0,0,bfs/space/768cc4fd97618cf589d23c2711a1d1a729f42235.png,1,0
521758,魔法师的节操,保密,10000,http://static.hdslb.com/images/member/noface.gif,1970-01-01 08:00:00,0,01-01,,1,-1,,0,0,bfs/space/768cc4fd97618cf589d23c2711a1d1a729f42235.png,1,0
521759,紫色小书,男,10000,http://i1.hdslb.com/bfs/face/63a461f3e8465d016674b2bc857f64a16aa662d6.jpg,1970-01-01 08:00:00,0,02-27,只是人类而已,5,-1,,2,1,bfs/space/768cc4fd97618cf589d23c2711a1d1a729f42235.png,1,0
521760,蕤铨_,女,10000,http://i2.hdslb.com/bfs/face/64dfde6f5a88c994b7d098584e5f6dd202f48329.jpg,1970-01-01 08:00:00,0,08-20,阿芜Awu._.,5,-1,,1,0,bfs/space/768cc4fd97618cf589d23c2711a1d1a729f42235.png,1,0
521761,妖老湿,男,10000,http://i2.hdslb.com/bfs/face/56406eda8a8bf3dfea9e7676dd22f123441c6020.jpg,1970-01-01 08:00:00,0,01-01,,3,-1,,0,0,bfs/space/768cc4fd97618cf589d23c2711a1d1a729f42235.png,1,0
521762,燃烧的菊花,保密,10000,http://i1.hdslb.com/bfs/face/6798aea74aadb4aa8f824344a9cdbdc2c4638884.jpg,1970-01-01 08:00:00,0,01-01,都是异性恋的错,5,-1,,0,0,bfs/space/f9e9bf165029abaa24906fdc9fe45cf28aa73f50.jpg,8,0
521763,DoomStorm,保密,10000,http://static.hdslb.com/images/member/noface.gif,1970-01-01 08:00:00,0,01-01,,1,-1,,0,0,bfs/space/768cc4fd97618cf589d23c2711a1d1a729f42235.png,1,0
521764,念念不忘，,保密,10000,http://static.hdslb.com/images/member/noface.gif,1970-01-01 08:00:00,0,01-01,,3,-1,,0,0,bfs/space/768cc4fd97618cf589d23c2711a1d1a729f42235.png,1,0
521765,sakiless_,保密,10000,http://i0.hdslb.com/bfs/face/5f8640424cd804be5dd2e8d0d7172525458c0a26.jpg,1970-01-01 08:00:00,0,08-09,,4,-1,,0,0,bfs/space/768cc4fd97618cf589d23c2711a1d1a729f42235.png,1,0
521766,打飞你蛋,保密,10000,http://i1.hdslb.com/bfs/face/97520dad68c37885354ead2ee3115444ec77d9d0.jpg,1970-01-01 08:00:00,0,01-01,,2,-1,,0,0,bfs/space/768cc4fd97618cf589d23c2711a1d1a729f42235.png,1,0
521768,交涉人黑茉莉,保密,10000,http://i1.hdslb.com/bfs/face/6ab5bae1b3f6f23cecf48a282b2192afae72c173.jpg,1970-01-01 08:00:00,0,01-01,口嗨请按1，对喷请按2，增值套餐骂完拉黑请按3，费用你的咖喱人，重听请按左上角。,5,-1,,1,1,bfs/space/768cc4fd97618cf589d23c2711a1d1a729f42235.png,1,0
521769,yung2044,保密,10000,http://i1.hdslb.com/bfs/face/a809a3b8407840ae00032360108261fcf503d38a.jpg,1970-01-01 08:00:00,0,01-01,,5,-1,,2,1,bfs/space/768cc4fd97618cf589d23c2711a1d1a729f42235.png,1,0
521770,是你的奶茶,保密,10000,http://i1.hdslb.com/bfs/face/487613719d9373ea64246728d9a5dfb6b65542e8.jpg,1970-01-01 08:00:00,0,01-01,,5,-1,,0,0,bfs/space/768cc4fd97618cf589d23c2711a1d1a729f42235.png,1,0
521771,冬瓜酱_,保密,10000,http://i1.hdslb.com/bfs/face/34d0532828372456c9438db1284e923fb488814a.jpg,1970-01-01 08:00:00,0,01-01,,1,-1,,0,0,bfs/space/768cc4fd97618cf589d23c2711a1d1a729f42235.png,1,0
521772,Koahal,男,10000,http://i2.hdslb.com/bfs/face/15208fd9bf6ef1c0f5da3434c127e049263c7078.jpg,1970-01-01 08:00:00,0,04-16,一无所有，又拥有一切。,4,-1,,0,0,bfs/space/1f4eaf70d1bb981f6057b3e440249d7a1f65774f.jpg,4,0
521773,Brs.泰勒维新,男,10000,http://i1.hdslb.com/bfs/face/31da57d576211de5e08cc12d6687a6ee10c5889e.jpg,1970-01-01 08:00:00,0,04-08,我就是有中二病了你打我啊,5,-1,,2,1,bfs/space/c9dae917e24b4fc17c4d544caf6b6c0b17f8692b.jpg,3,0
521774,最暧寳呗,男,10000,http://i1.hdslb.com/bfs/face/0c0940d2fea2e421f5f1d126ef5018a0eaf177d0.jpg,1970-01-01 08:00:00,0,01-28,,4,-1,,1,1,bfs/space/768cc4fd97618cf589d23c2711a1d1a729f42235.png,1,0
521775,kickNima,保密,10000,http://static.hdslb.com/images/member/noface.gif,1970-01-01 08:00:00,0,01-01,,1,-1,,0,0,bfs/space/768cc4fd97618cf589d23c2711a1d1a729f42235.png,1,0
521776,heart搁浅沉浮,保密,10000,http://i2.hdslb.com/bfs/face/e3f4effb6b02c31f132d484eb9c2a44bad4de825.jpg,1970-01-01 08:00:00,0,05-11,懒癌拖延症晚期患者，欢迎小伙伴一起来撸mc,5,-1,,1,0,bfs/space/768cc4fd97618cf589d23c2711a1d1a729f42235.png,1,0
521777,ccccccshirley,保密,10000,http://i1.hdslb.com/bfs/face/be8fd938b11a5817d77f951f640dd73092fc1acb.jpg,1970-01-01 08:00:00,0,01-01,,5,-1,,1,0,bfs/space/768cc4fd97618cf589d23c2711a1d1a729f42235.png,1,0
521778,乌鸦七,保密,10000,http://i0.hdslb.com/bfs/face/71344b6321e20c346130fd3234cd5b366248b5ab.jpg,1970-01-01 08:00:00,0,01-01,,3,-1,,0,0,bfs/space/768cc4fd97618cf589d23c2711a1d1a729f42235.png,1,0
521779,飞仙藤,男,10000,http://i0.hdslb.com/bfs/face/70e70edc01f603f1a8b8b9b30d09248dfcecefc9.jpg,1970-01-01 08:00:00,0,10-10,,5,-1,,1,0,bfs/space/768cc4fd97618cf589d23c2711a1d1a729f42235.png,1,0
521780,皮蛋瘦肉呱,男,10000,http://i2.hdslb.com/bfs/face/25cf339bf83121598b1b3dca262735349e9b4ecd.jpg,1970-01-01 08:00:00,0,07-26,,5,-1,,1,0,bfs/space/768cc4fd97618cf589d23c2711a1d1a729f42235.png,1,0
521781,電気御手,保密,10000,http://i1.hdslb.com/bfs/face/3ed3ae4c0847c9ec15689b38bdabdba906c731a8.jpg,1970-01-01 08:00:00,0,12-31,想看的动画被削除？巴哈姆特，请,6,-1,,2,1,bfs/space/373e127e8784d3e4c1b5e6db0c27702ba077643f.jpg,19,0
521783,玖我山璃音,保密,10000,http://i0.hdslb.com/bfs/face/223c412d46897c08133d5a9bac4cdaca165a2391.jpg,1970-01-01 08:00:00,0,06-04,这个人没有填简介啊~~~,5,-1,,2,1,bfs/space/c9dae917e24b4fc17c4d544caf6b6c0b17f8692b.jpg,3,0
521784,灼眼的夏天,男,10000,http://i0.hdslb.com/bfs/face/9507c58f971ba647ac6f1ef00c1e965870b095ee.gif,1970-01-01 08:00:00,0,12-09,鄙视我这样的男生是广大女生义不容辞的责任与义务,4,-1,,0,0,bfs/space/768cc4fd97618cf589d23c2711a1d1a729f42235.png,1,0
521785,丙,保密,10000,http://static.hdslb.com/images/member/noface.gif,1970-01-01 08:00:00,0,01-01,,1,-1,,0,0,bfs/space/768cc4fd97618cf589d23c2711a1d1a729f42235.png,1,0
521786,烈焰朝孔雀,男,10000,http://i1.hdslb.com/bfs/face/3ddcc85de71dac526752d67b57eb0c22d26f066b.jpg,1970-01-01 08:00:00,0,01-01,,5,-1,,2,1,bfs/space/768cc4fd97618cf589d23c2711a1d1a729f42235.png,1,0
521787,生，还是死？,保密,10000,http://i1.hdslb.com/bfs/face/b25469872213851c69dd724108bc99ff503b546e.jpg,1970-01-01 08:00:00,0,10-03,此生无悔入东方，来世愿生幻想乡。,5,-1,,2,1,bfs/space/768cc4fd97618cf589d23c2711a1d1a729f42235.png,1,0
521788,丶Cv,保密,10000,http://static.hdslb.com/images/member/noface.gif,1970-01-01 08:00:00,0,01-01,,5,-1,,0,0,bfs/space/768cc4fd97618cf589d23c2711a1d1a729f42235.png,1,0
521789,尼古拉斯迪奥,男,10000,http://i0.hdslb.com/bfs/face/710b19d9a0751cc90aee48db6255945785beaef3.jpg,1970-01-01 08:00:00,0,11-26,"我也不想做人了jojo
",5,-1,,1,1,bfs/space/768cc4fd97618cf589d23c2711a1d1a729f42235.png,1,0
521790,嘿~你的益达,男,10000,http://i1.hdslb.com/bfs/face/9d81ac25141504ca2f3470aa58f1324fa97bd982.jpg,1970-01-01 08:00:00,0,07-30,这个人帅炸了，什么东西都写。,5,-1,,2,1,bfs/space/768cc4fd97618cf589d23c2711a1d1a729f42235.png,1,0
521791,若即若离↙,保密,10000,http://i1.hdslb.com/bfs/face/785d13d5215fc076367bd6b9d92b0108bdc994e4.jpg,1970-01-01 08:00:00,0,01-01,文能提笔控萝莉，武能床上定人妻，进可欺身压正太，退可提臀迎众基~,5,-1,,2,1,bfs/space/768cc4fd97618cf589d23c2711a1d1a729f42235.png,1,0
521792,格式剖,保密,10000,http://i2.hdslb.com/bfs/face/b9e4359f269e5a44ec34e0c13662c6b8872ee1dc.jpg,1970-01-01 08:00:00,0,01-01,,5,-1,,1,0,bfs/space/768cc4fd97618cf589d23c2711a1d1a729f42235.png,1,0
521793,木棉木棉想碎觉,女,10000,http://i0.hdslb.com/bfs/face/38389a339dae8f0da366133c500921efc48a67c8.jpg,1970-01-01 08:00:00,0,07-06,,5,-1,,1,1,bfs/space/768cc4fd97618cf589d23c2711a1d1a729f42235.png,1,0
521794,白夜已临,男,10000,http://i0.hdslb.com/bfs/face/b74b19d19b8480e3e5779cd9de87887683b970bb.jpg,1970-01-01 08:00:00,0,03-10,岁月如梭，韶光易逝,5,-1,,1,0,bfs/space/dc02d22a718c1c436f1a355b3cd726b04098ef7d.jpg,6,0
521795,渣熊孩子,男,10000,http://i1.hdslb.com/bfs/face/8c87293d8232f7fd879e49402693c72eae03941c.jpg,1970-01-01 08:00:00,0,01-01,,5,-1,,1,0,bfs/space/768cc4fd97618cf589d23c2711a1d1a729f42235.png,1,0
521796,新河,男,10000,http://i2.hdslb.com/bfs/face/4566d76aae1492cccd9cfe6a56f37073125c0d0f.jpg,1970-01-01 08:00:00,0,01-01,连你的背影都追不上,6,-1,,1,0,bfs/space/768cc4fd97618cf589d23c2711a1d1a729f42235.png,1,0
521798,硬糖LIN,男,10000,http://i1.hdslb.com/bfs/face/44d94ed6f55b1dfcb0fea33bd96ca2568c36655d.jpg,1970-01-01 08:00:00,0,01-01,,5,-1,,2,1,bfs/space/1f4eaf70d1bb981f6057b3e440249d7a1f65774f.jpg,4,0
521799,=-=---,保密,10000,http://static.hdslb.com/images/member/noface.gif,1970-01-01 08:00:00,0,01-01,,1,-1,,0,0,bfs/space/768cc4fd97618cf589d23c2711a1d1a729f42235.png,1,0
521800,琴酒哀,男,10000,http://i1.hdslb.com/bfs/face/2aba61353ee97595fc770a567566021c7a045b2e.jpg,1970-01-01 08:00:00,0,01-01,,4,-1,,0,0,bfs/space/768cc4fd97618cf589d23c2711a1d1a729f42235.png,1,0
521801,大水叔,保密,10000,http://static.hdslb.com/images/member/noface.gif,1970-01-01 08:00:00,0,01-01,,1,-1,,0,0,bfs/space/768cc4fd97618cf589d23c2711a1d1a729f42235.png,1,0
521802,小心幼女控,保密,10000,http://i2.hdslb.com/bfs/face/600ab01be398e8195438ec190a71435efd124d99.jpg,1970-01-01 08:00:00,0,01-01,,5,-1,,0,0,bfs/space/dc02d22a718c1c436f1a355b3cd726b04098ef7d.jpg,6,0
521803,三俗A子,男,10000,http://i1.hdslb.com/bfs/face/fcade2dc8772f319e81d1fe24965055087e809d9.jpg,1970-01-01 08:00:00,0,05-09,,4,-1,,0,0,bfs/space/768cc4fd97618cf589d23c2711a1d1a729f42235.png,1,0
521804,Seigawa,保密,10000,http://i2.hdslb.com/bfs/face/626b328c4c9b8edc656258dcb1ebe8baa11156b3.jpg,1970-01-01 08:00:00,0,01-01,成年横酱神推。立仙/西酱/水野/彩音。＝LOVE娜糖/衣织。Coinlockers真凛/トロロ。,5,-1,,0,0,bfs/space/768cc4fd97618cf589d23c2711a1d1a729f42235.png,1,0
521805,熊猫戳萌点,男,10000,http://i1.hdslb.com/bfs/face/8694c4d0c70003f32e526d2458f972fb08e68558.jpg,1970-01-01 08:00:00,0,01-01,不定期youtube搬运,5,-1,,2,1,bfs/space/ef1b08e62fdc35b06e39795bc6de8e510935bf97.jpg,9,0
521806,艾夏桑0v0,保密,10000,http://i0.hdslb.com/bfs/face/5d99b957d5442374e9dba0f38f0ce5d5374173fc.jpg,1970-01-01 08:00:00,0,03-28,我只是一只咸鱼的画渣_ _(:3 」∠)_ ~~~,5,-1,,2,1,bfs/space/5fe2632486a5a91a234f0e7cb368ab6397477da4.jpg,5,0
521807,lu_17,男,10000,http://i0.hdslb.com/bfs/face/89428a937efacd13b1009368405dc978eeb49e8d.jpg,1970-01-01 08:00:00,0,03-20,,5,-1,,2,1,bfs/space/768cc4fd97618cf589d23c2711a1d1a729f42235.png,1,0
521808,Mossas,保密,10000,http://i1.hdslb.com/bfs/face/c69e6ad3608fc99d32dc812f894a588914d72e0d.jpg,1970-01-01 08:00:00,0,01-01,,5,-1,,2,1,bfs/space/768cc4fd97618cf589d23c2711a1d1a729f42235.png,1,0
521809,薛定谔没有爱情,男,10000,http://i1.hdslb.com/bfs/face/147c7a083714334cabae5a51bae8fa3d656c166f.jpg,1970-01-01 08:00:00,0,05-04,,5,-1,,2,1,bfs/space/768cc4fd97618cf589d23c2711a1d1a729f42235.png,1,0
521810,月下静思哀,保密,10000,http://i1.hdslb.com/bfs/face/7889091c11a869f1cf13b63e4fe7b1287958ebef.jpg,1970-01-01 08:00:00,0,01-01,,4,-1,,0,0,bfs/space/768cc4fd97618cf589d23c2711a1d1a729f42235.png,1,0
521811,炮灰不是娘炮,保密,10000,http://static.hdslb.com/images/member/noface.gif,1970-01-01 08:00:00,0,01-01,,3,-1,,1,1,bfs/space/768cc4fd97618cf589d23c2711a1d1a729f42235.png,1,0
521812,名字长不允许,保密,10000,http://i2.hdslb.com/bfs/face/efcfe92db9351a1f397229386164ccb3ca3102a6.jpg,1970-01-01 08:00:00,0,01-01,,5,-1,,1,0,bfs/space/768cc4fd97618cf589d23c2711a1d1a729f42235.png,1,0
521813,Dark天羽,保密,10000,http://i0.hdslb.com/bfs/face/f10c1e10f62e559a764a2f2791228e82ce87599f.jpg,1970-01-01 08:00:00,0,01-01,,5,-1,,2,1,bfs/space/768cc4fd97618cf589d23c2711a1d1a729f42235.png,1,0
521814,一木古,保密,10000,http://i2.hdslb.com/bfs/face/2ffcdac380e93b6dca463edec23b31bb86a21c70.jpg,1970-01-01 08:00:00,0,08-08,累了便停下来泡杯茶~~,5,-1,,2,1,bfs/space/768cc4fd97618cf589d23c2711a1d1a729f42235.png,1,0
521815,治丧,女,10000,http://i1.hdslb.com/bfs/face/d5a6737a7b4d3d9f38bda8b85e9fcdcd54e9f5fe.jpg,1970-01-01 08:00:00,0,09-24,"圈名治丧
渣浪：治丧炭-利达的鱼竿",5,-1,,1,0,bfs/space/c9dae917e24b4fc17c4d544caf6b6c0b17f8692b.jpg,3,0
521816,西红柿卷皮刀,保密,10000,http://i1.hdslb.com/bfs/face/d4de5e8d480cc6e163b0c5d70f5db35a16a14345.jpg,1970-01-01 08:00:00,0,01-01,,4,-1,,0,0,bfs/space/768cc4fd97618cf589d23c2711a1d1a729f42235.png,1,0
521817,118号风球,保密,10000,http://i1.hdslb.com/bfs/face/2e1ee82fb04da0a1b908ba5d4baace4819057d34.jpg,1970-01-01 08:00:00,0,03-25,,4,-1,,0,0,bfs/space/768cc4fd97618cf589d23c2711a1d1a729f42235.png,1,0
521818,Harumooe1011,男,10000,http://i1.hdslb.com/bfs/face/94718d2b82354208adecfde147da23107f133a39.jpg,1970-01-01 08:00:00,0,01-01,,4,-1,,0,0,bfs/space/768cc4fd97618cf589d23c2711a1d1a729f42235.png,1,0
521819,幻想·翼,保密,10000,http://i2.hdslb.com/bfs/face/f3f87d70f889f47aa2ab3c670af6abad4b8727a9.jpg,1970-01-01 08:00:00,0,01-01,,5,-1,,2,1,bfs/space/768cc4fd97618cf589d23c2711a1d1a729f42235.png,1,0
521820,linkkoh,保密,10000,http://static.hdslb.com/images/member/noface.gif,1970-01-01 08:00:00,0,01-01,,1,-1,,0,0,bfs/space/768cc4fd97618cf589d23c2711a1d1a729f42235.png,1,0
521821,可爱哒花,保密,10000,http://static.hdslb.com/images/member/noface.gif,1970-01-01 08:00:00,0,01-01,,1,-1,,0,0,bfs/space/768cc4fd97618cf589d23c2711a1d1a729f42235.png,1,0
521822,Nicole·cc,保密,10000,http://static.hdslb.com/images/member/noface.gif,1970-01-01 08:00:00,0,01-01,,4,-1,,0,0,bfs/space/768cc4fd97618cf589d23c2711a1d1a729f42235.png,1,0
521823,撞一天车,保密,10000,http://static.hdslb.com/images/member/noface.gif,1970-01-01 08:00:00,0,01-01,,2,-1,,0,0,bfs/space/768cc4fd97618cf589d23c2711a1d1a729f42235.png,1,0
521824,HZ丶丶丶,保密,10000,http://i1.hdslb.com/bfs/face/99dc00c7497bf38331d377afdafadc173e60e91e.jpg,1970-01-01 08:00:00,0,04-17,,5,-1,,2,1,bfs/space/768cc4fd97618cf589d23c2711a1d1a729f42235.png,1,0
521825,雨宫爱莉莎,男,10000,http://i1.hdslb.com/bfs/face/847770ba72d193060cb04ab4d22f705cee4d2b44.jpg,1970-01-01 08:00:00,0,10-05,,5,-1,,2,1,bfs/space/c9dae917e24b4fc17c4d544caf6b6c0b17f8692b.jpg,3,0
521826,莊周夢蝶衣,女,10000,http://i1.hdslb.com/bfs/face/ff823c9c0f6d111aba4b4b85a8388f8f439ac742.jpg,1970-01-01 08:00:00,0,04-16,,5,-1,,1,0,bfs/space/768cc4fd97618cf589d23c2711a1d1a729f42235.png,1,0
521827,sharal,女,10000,http://static.hdslb.com/images/member/noface.gif,1970-01-01 08:00:00,0,01-01,,5,-1,,1,0,bfs/space/768cc4fd97618cf589d23c2711a1d1a729f42235.png,1,0
521828,大洗町秋山优花里,保密,10000,http://i0.hdslb.com/bfs/face/2ceef40ea10abdbee546f2f683daa9936732d410.jpg,1970-01-01 08:00:00,0,02-20,很懒不想写,3,-1,,1,0,bfs/space/768cc4fd97618cf589d23c2711a1d1a729f42235.png,1,0
521829,蓝零,保密,10000,http://i2.hdslb.com/bfs/face/5af2b4de1cda1e376eaed1376e63fb5e86063933.jpg,1970-01-01 08:00:00,0,01-01,,5,-1,,1,0,bfs/space/768cc4fd97618cf589d23c2711a1d1a729f42235.png,1,0
521830,kevin丶,保密,10000,http://static.hdslb.com/images/member/noface.gif,1970-01-01 08:00:00,0,01-01,,2,-1,,0,0,bfs/space/768cc4fd97618cf589d23c2711a1d1a729f42235.png,1,0
521831,司康饼 づ,保密,10000,http://static.hdslb.com/images/member/noface.gif,1970-01-01 08:00:00,0,01-01,,1,-1,,0,0,bfs/space/768cc4fd97618cf589d23c2711a1d1a729f42235.png,1,0
521832,恸哭ノ雨,女,10000,http://i1.hdslb.com/bfs/face/261894b1c8bc2b1900be2844fa8dfe4e0eb6f708.jpg,1970-01-01 08:00:00,0,12-14,,4,-1,,0,0,bfs/space/718eac8c71e29b8a80431c46110805c3a40e30a6.jpg,7,0
521833,p7p,保密,10000,http://static.hdslb.com/images/member/noface.gif,1970-01-01 08:00:00,0,01-01,,4,-1,,0,0,bfs/space/768cc4fd97618cf589d23c2711a1d1a729f42235.png,1,0
521834,泰迪熊曼,保密,10000,http://static.hdslb.com/images/member/noface.gif,1970-01-01 08:00:00,0,01-01,,1,-1,,0,0,bfs/space/768cc4fd97618cf589d23c2711a1d1a729f42235.png,1,0
521835,扣事沁非,男,10000,http://i2.hdslb.com/bfs/face/57de19d58a3433b7b08d550a27deff1e8c952eed.jpg,1970-01-01 08:00:00,0,04-16,,5,-1,,0,0,bfs/space/d60a4be11f1bca6168a60a53c64bca18eddd6443.jpg,2,0
521836,阿姨哟,保密,10000,http://static.hdslb.com/images/member/noface.gif,1970-01-01 08:00:00,0,01-01,,1,-1,,0,0,bfs/space/768cc4fd97618cf589d23c2711a1d1a729f42235.png,1,0
521838,网易首席执行官,保密,10000,http://i2.hdslb.com/bfs/face/c3c46064847f822b63700b3a7feb784896e61d01.jpg,1970-01-01 08:00:00,0,02-03, 这个人很,5,-1,,1,0,bfs/space/ef1b08e62fdc35b06e39795bc6de8e510935bf97.jpg,9,0
521839,┈ゝ讉莣↙,保密,10000,http://i0.hdslb.com/bfs/face/ff6060f279147910c7899cb242111368e818127e.jpg,1970-01-01 08:00:00,0,01-01,,5,-1,,0,0,bfs/space/768cc4fd97618cf589d23c2711a1d1a729f42235.png,1,0
521840,宫尘家的小狸猫,保密,10000,http://i2.hdslb.com/bfs/face/31789849223e3ed14ed8b5888fde72654c290044.jpg,1970-01-01 08:00:00,0,01-01,我怀疑自己不是东方厨【害怕】,5,-1,,2,1,bfs/space/5fe2632486a5a91a234f0e7cb368ab6397477da4.jpg,5,0
521841,憧憬的距离,保密,10000,http://static.hdslb.com/images/member/noface.gif,1970-01-01 08:00:00,0,01-01,,5,-1,,2,1,bfs/space/768cc4fd97618cf589d23c2711a1d1a729f42235.png,1,0
521842,-=-=-=-,保密,10000,http://static.hdslb.com/images/member/noface.gif,1970-01-01 08:00:00,0,01-01,,1,-1,,0,0,bfs/space/768cc4fd97618cf589d23c2711a1d1a729f42235.png,1,0
521844,阿兹特兰战士,保密,10000,http://static.hdslb.com/images/member/noface.gif,1970-01-01 08:00:00,0,01-01,,1,-1,,0,0,bfs/space/768cc4fd97618cf589d23c2711a1d1a729f42235.png,1,0
521846,MORI_.,保密,10000,http://static.hdslb.com/images/member/noface.gif,1970-01-01 08:00:00,0,01-01,,5,-1,,1,1,bfs/space/768cc4fd97618cf589d23c2711a1d1a729f42235.png,1,0
521847,kickass01,男,10000,http://i0.hdslb.com/bfs/face/3c2808f229fa34e881641894e5e846c4f62f8950.jpg,1970-01-01 08:00:00,0,07-29,大型建造即将毁灭全人类。,5,-1,,0,0,bfs/space/768cc4fd97618cf589d23c2711a1d1a729f42235.png,1,0
521848,bianbianmamama,保密,10000,http://i2.hdslb.com/bfs/face/7fa365979bfc376126404c4b6ba49fe8bf33b437.jpg,1970-01-01 08:00:00,0,01-01,,3,-1,,0,0,bfs/space/768cc4fd97618cf589d23c2711a1d1a729f42235.png,1,0
521849,猴普夫尔,男,10000,http://i1.hdslb.com/bfs/face/66d916d6d2a1cf8d9f7eff99aa07f48e95eff5c9.jpg,1970-01-01 08:00:00,0,07-06,Don't bite off more than you can chew！,2,-1,,0,0,bfs/space/768cc4fd97618cf589d23c2711a1d1a729f42235.png,1,0
521850,曲奇COOKIE,保密,10000,http://i1.hdslb.com/bfs/face/083d72a186d1c20f0e6c2b6dc5976c7d77265fd0.jpg,1970-01-01 08:00:00,0,01-01,这个世界真是太美了,4,-1,,1,0,bfs/space/768cc4fd97618cf589d23c2711a1d1a729f42235.png,1,0
521851,阿上君,保密,10000,http://static.hdslb.com/images/member/noface.gif,1970-01-01 08:00:00,0,08-25,,2,-1,,0,0,bfs/space/768cc4fd97618cf589d23c2711a1d1a729f42235.png,1,0
521852,顶着锅盖的鱼,保密,10000,http://i2.hdslb.com/bfs/face/ece427b05898483fa9f5c413f46ab0877935abcf.jpg,1970-01-01 08:00:00,0,01-01,,5,-1,,1,0,bfs/space/768cc4fd97618cf589d23c2711a1d1a729f42235.png,1,0
521853,喵星人的怒火,保密,10000,http://i2.hdslb.com/bfs/face/ed2c9df24f653a59bbbff6c71afbc0505697187f.jpg,1970-01-01 08:00:00,0,01-01,,5,-1,,2,1,bfs/space/768cc4fd97618cf589d23c2711a1d1a729f42235.png,1,0
521854,qvette,保密,10000,http://i2.hdslb.com/bfs/face/ebee012b744d5758046c2c08683135762ca80e5f.jpg,1970-01-01 08:00:00,0,01-01,,3,-1,,0,0,bfs/space/768cc4fd97618cf589d23c2711a1d1a729f42235.png,1,0
521855,妹抖S,保密,10000,http://static.hdslb.com/images/member/noface.gif,1970-01-01 08:00:00,0,01-01,,3,-1,,0,0,bfs/space/768cc4fd97618cf589d23c2711a1d1a729f42235.png,1,0
